Tool Version:,eGalaxSensorTester4  v1.1.6.5 (20221111.154.193)
Libary:,v0.62.25.804
Date:,2023-12-11
Time:,17:11:23
FW Type:,PCAP81X84 Series
FW Model:,Orion_0193_2339
FW Version:,T1_M00
Parameter Version:,00.00
Testing ini file:,SensorTestDefault.ini
BarCode, EETI

[   0.046] DiagFreq=140.620KHz
[   0.049] Check DC Calib Success
[   0.051] IC0 Calibrating Value =100
[   0.051] Calibration Pass

[   0.047] DiagFreq=140.620KHz
[   1.459] Finish Open3 Test
OPEN TEST
Mode:,0
Threshold:,Tx,2700,,Rx,2700
DiffThreshold:,Tx,9999,,Rx,9999
EdgeTolerance Channel-0:,Tx,0,,Rx,0
EdgeTolerance Channel-N:,Tx,0,,Rx,0
Open Test scaling:,20

TEST,CHANNEL,DATA-0,DATA-N,RESULT
OpenTest,Rx[ 0 ],3650,3096,Pass
OpenTest,Rx[ 1 ],3574,3218,Pass
OpenTest,Rx[ 2 ],3532,3234,Pass
OpenTest,Rx[ 3 ],3508,3242,Pass
OpenTest,Rx[ 4 ],3472,3226,Pass
OpenTest,Rx[ 5 ],3460,3216,Pass
OpenTest,Rx[ 6 ],3440,3194,Pass
OpenTest,Rx[ 7 ],3424,3182,Pass
OpenTest,Rx[ 8 ],3418,3156,Pass
OpenTest,Rx[ 9 ],3392,3130,Pass
OpenTest,Rx[ 10 ],3394,3134,Pass
OpenTest,Rx[ 11 ],3388,3148,Pass
OpenTest,Rx[ 12 ],3372,3122,Pass
OpenTest,Rx[ 13 ],3362,3100,Pass
OpenTest,Rx[ 14 ],3338,3100,Pass
OpenTest,Rx[ 15 ],3336,3088,Pass
OpenTest,Rx[ 16 ],3326,3086,Pass
OpenTest,Rx[ 17 ],3336,3092,Pass
OpenTest,Rx[ 18 ],3334,3092,Pass
OpenTest,Rx[ 19 ],3306,3076,Pass
OpenTest,Rx[ 20 ],3288,3076,Pass
OpenTest,Rx[ 21 ],3284,3066,Pass
OpenTest,Rx[ 22 ],3294,3060,Pass
OpenTest,Rx[ 23 ],3300,3034,Pass
OpenTest,Rx[ 24 ],3280,3042,Pass
OpenTest,Rx[ 25 ],3294,3044,Pass
OpenTest,Rx[ 26 ],3292,3040,Pass
OpenTest,Rx[ 27 ],3278,3034,Pass
OpenTest,Rx[ 28 ],3274,3046,Pass
OpenTest,Rx[ 29 ],3266,3030,Pass
OpenTest,Rx[ 30 ],3250,3034,Pass
OpenTest,Rx[ 31 ],3280,3064,Pass
OpenTest,Rx[ 32 ],3240,3022,Pass
OpenTest,Rx[ 33 ],3256,3044,Pass
OpenTest,Rx[ 34 ],3258,3020,Pass
OpenTest,Rx[ 35 ],3248,3048,Pass
OpenTest,Rx[ 36 ],3300,3052,Pass
OpenTest,Rx[ 37 ],3280,3042,Pass
OpenTest,Rx[ 38 ],3288,3046,Pass
OpenTest,Rx[ 39 ],3320,3062,Pass
OpenTest,Rx[ 40 ],3294,3050,Pass
OpenTest,Rx[ 41 ],3316,3090,Pass
OpenTest,Rx[ 42 ],3318,3078,Pass
OpenTest,Rx[ 43 ],3322,3084,Pass
OpenTest,Rx[ 44 ],3336,3096,Pass
OpenTest,Rx[ 45 ],3352,3092,Pass
OpenTest,Rx[ 46 ],3338,3098,Pass
OpenTest,Rx[ 47 ],3348,3132,Pass
OpenTest,Rx[ 48 ],3346,3138,Pass
OpenTest,Rx[ 49 ],3352,3142,Pass
OpenTest,Rx[ 50 ],3378,3148,Pass
OpenTest,Rx[ 51 ],3368,3172,Pass
OpenTest,Rx[ 52 ],3366,3176,Pass
OpenTest,Rx[ 53 ],3370,3206,Pass
OpenTest,Rx[ 54 ],3386,3214,Pass
OpenTest,Rx[ 55 ],3418,3266,Pass
OpenTest,Rx[ 56 ],3412,3280,Pass
OpenTest,Rx[ 57 ],3430,3310,Pass
OpenTest,Rx[ 58 ],3440,3340,Pass
OpenTest,Rx[ 59 ],3454,3368,Pass
OpenTest,Rx[ 60 ],3460,3372,Pass
OpenTest,Rx[ 61 ],3472,3388,Pass
OpenTest,Rx[ 62 ],3506,3422,Pass
OpenTest,Rx[ 63 ],3556,3420,Pass
OpenTest,Rx[ 64 ],3568,3398,Pass
OpenTest,Rx[ 65 ],3680,3278,Pass

Open Test Rx PASS
////////////////////////,//////////////////////////////////////////////////////////////////////////////////,/////////////////////////////////////////////////////////////////////
OpenTest,Tx[ 0 ],3650,3680,Pass
OpenTest,Tx[ 1 ],3450,3478,Pass
OpenTest,Tx[ 2 ],3312,3360,Pass
OpenTest,Tx[ 3 ],3242,3300,Pass
OpenTest,Tx[ 4 ],3146,3228,Pass
OpenTest,Tx[ 5 ],3078,3168,Pass
OpenTest,Tx[ 6 ],3148,3250,Pass
OpenTest,Tx[ 7 ],3082,3196,Pass
OpenTest,Tx[ 8 ],3020,3146,Pass
OpenTest,Tx[ 9 ],3102,3224,Pass
OpenTest,Tx[ 10 ],3060,3194,Pass
OpenTest,Tx[ 11 ],3112,3272,Pass
OpenTest,Tx[ 12 ],3110,3254,Pass
OpenTest,Tx[ 13 ],3050,3202,Pass
OpenTest,Tx[ 14 ],3018,3182,Pass
OpenTest,Tx[ 15 ],2986,3154,Pass
OpenTest,Tx[ 16 ],3056,3230,Pass
OpenTest,Tx[ 17 ],3050,3208,Pass
OpenTest,Tx[ 18 ],2982,3162,Pass
OpenTest,Tx[ 19 ],3006,3198,Pass
OpenTest,Tx[ 20 ],3066,3250,Pass
OpenTest,Tx[ 21 ],3058,3242,Pass
OpenTest,Tx[ 22 ],3046,3244,Pass
OpenTest,Tx[ 23 ],3034,3230,Pass
OpenTest,Tx[ 24 ],3026,3234,Pass
OpenTest,Tx[ 25 ],2994,3206,Pass
OpenTest,Tx[ 26 ],3006,3208,Pass
OpenTest,Tx[ 27 ],2974,3190,Pass
OpenTest,Tx[ 28 ],2948,3174,Pass
OpenTest,Tx[ 29 ],2938,3156,Pass
OpenTest,Tx[ 30 ],3044,3268,Pass
OpenTest,Tx[ 31 ],3060,3266,Pass
OpenTest,Tx[ 32 ],3080,3292,Pass
OpenTest,Tx[ 33 ],3058,3246,Pass
OpenTest,Tx[ 34 ],3064,3248,Pass
OpenTest,Tx[ 35 ],3044,3236,Pass
OpenTest,Tx[ 36 ],3096,3278,Pass

Open Test Tx PASS
////////////////////////,//////////////////////////////////////////////////////////////////////////////////,/////////////////////////////////////////////////////////////////////
SHORT TEST
Threshold:,30

TEST,CHIP_PIN,CHANNEL,DATA,RESULT
ShortTest,Chip0-Rx0,,-1,Pass
ShortTest,Chip0-Rx1,,-2,Pass
ShortTest,Chip0-Rx2,,1,Pass
ShortTest,Chip0-Rx3,,1,Pass
ShortTest,Chip0-Rx4,,-2,Pass
ShortTest,Chip0-Rx5,,0,Pass
ShortTest,Chip0-Rx6,Rx[ 0 ],-1,Pass
ShortTest,Chip0-Rx7,Rx[ 1 ],0,Pass
ShortTest,Chip0-Rx8,Rx[ 2 ],-1,Pass
ShortTest,Chip0-Rx9,Rx[ 3 ],-2,Pass
ShortTest,Chip0-Rx10,Rx[ 4 ],-3,Pass
ShortTest,Chip0-Rx11,Rx[ 5 ],-3,Pass
ShortTest,Chip0-Rx12,Rx[ 6 ],-2,Pass
ShortTest,Chip0-Rx13,Rx[ 7 ],-1,Pass
ShortTest,Chip0-Rx14,Rx[ 8 ],-1,Pass
ShortTest,Chip0-Rx15,Rx[ 9 ],-2,Pass
ShortTest,Chip0-Rx16,Rx[ 10 ],-1,Pass
ShortTest,Chip0-Rx17,Rx[ 11 ],-2,Pass
ShortTest,Chip0-Rx18,Rx[ 12 ],0,Pass
ShortTest,Chip0-Rx19,Rx[ 13 ],1,Pass
ShortTest,Chip0-Rx20,Rx[ 14 ],-2,Pass
ShortTest,Chip0-Rx21,Rx[ 15 ],-3,Pass
ShortTest,Chip0-Rx22,Rx[ 16 ],-3,Pass
ShortTest,Chip0-Rx23,Rx[ 17 ],-4,Pass
ShortTest,Chip0-Rx24,Rx[ 18 ],-3,Pass
ShortTest,Chip0-Rx25,Rx[ 19 ],-2,Pass
ShortTest,Chip0-Rx26,Rx[ 20 ],-2,Pass
ShortTest,Chip0-Rx27,Rx[ 21 ],-1,Pass
ShortTest,Chip0-Rx28,Rx[ 22 ],-2,Pass
ShortTest,Chip0-Rx29,Rx[ 23 ],-2,Pass
ShortTest,Chip0-Rx30,Rx[ 24 ],0,Pass
ShortTest,Chip0-Rx31,Rx[ 25 ],-2,Pass
ShortTest,Chip0-Rx32,Rx[ 26 ],0,Pass
ShortTest,Chip0-Rx33,Rx[ 27 ],-1,Pass
ShortTest,Chip0-Rx34,Rx[ 28 ],-1,Pass
ShortTest,Chip0-Rx35,Rx[ 29 ],-1,Pass
ShortTest,Chip0-Rx36,Rx[ 30 ],-2,Pass
ShortTest,Chip0-Rx37,Rx[ 31 ],-4,Pass
ShortTest,Chip0-Rx38,Rx[ 32 ],1,Pass
ShortTest,Chip0-Rx39,Rx[ 33 ],-5,Pass
ShortTest,Chip0-Rx40,Rx[ 34 ],-2,Pass
ShortTest,Chip0-Rx41,Rx[ 35 ],-1,Pass
ShortTest,Chip0-Rx42,Rx[ 36 ],-2,Pass
ShortTest,Chip0-Rx43,Rx[ 37 ],-2,Pass
ShortTest,Chip0-Rx44,Rx[ 38 ],0,Pass
ShortTest,Chip0-Rx45,Rx[ 39 ],-4,Pass
ShortTest,Chip0-Rx46,Rx[ 40 ],-1,Pass
ShortTest,Chip0-Rx47,Rx[ 41 ],-2,Pass
ShortTest,Chip0-Rx48,Rx[ 42 ],-2,Pass
ShortTest,Chip0-Rx49,Rx[ 43 ],-1,Pass
ShortTest,Chip0-Rx50,Rx[ 44 ],-2,Pass
ShortTest,Chip0-Rx51,Rx[ 45 ],-3,Pass
ShortTest,Chip0-Rx52,Rx[ 46 ],-1,Pass
ShortTest,Chip0-Rx53,Rx[ 47 ],-1,Pass
ShortTest,Chip0-Rx54,Rx[ 48 ],-1,Pass
ShortTest,Chip0-Rx55,Rx[ 49 ],0,Pass
ShortTest,Chip0-Rx56,Rx[ 50 ],-3,Pass
ShortTest,Chip0-Rx57,Rx[ 51 ],0,Pass
ShortTest,Chip0-Rx58,Rx[ 52 ],-2,Pass
ShortTest,Chip0-Rx59,Rx[ 53 ],-2,Pass
ShortTest,Chip0-Rx60,Rx[ 54 ],0,Pass
ShortTest,Chip0-Rx61,Rx[ 55 ],-3,Pass
ShortTest,Chip0-Rx62,Rx[ 56 ],0,Pass
ShortTest,Chip0-Rx63,Rx[ 57 ],-1,Pass
ShortTest,Chip0-Rx64,Rx[ 58 ],-1,Pass
ShortTest,Chip0-Rx65,Rx[ 59 ],-1,Pass
ShortTest,Chip0-Rx66,Rx[ 60 ],-1,Pass
ShortTest,Chip0-Rx67,Rx[ 61 ],-4,Pass
ShortTest,Chip0-Rx68,Rx[ 62 ],-2,Pass
ShortTest,Chip0-Rx69,Rx[ 63 ],-1,Pass
ShortTest,Chip0-Rx70,Rx[ 64 ],-4,Pass
ShortTest,Chip0-Rx71,Rx[ 65 ],-1,Pass
ShortTest,Chip0-Rx72,,-1,Pass
ShortTest,Chip0-Rx73,,0,Pass
ShortTest,Chip0-Rx74,,-2,Pass
ShortTest,Chip0-Rx75,,-2,Pass
ShortTest,Chip0-Rx76,,0,Pass
ShortTest,Chip0-Rx77,,0,Pass
ShortTest,Chip0-Rx78,,-2,Pass
ShortTest,Chip0-Rx79,,-2,Pass
ShortTest,Chip0-Rx80,,-3,Pass
ShortTest,Chip0-Rx81,,0,Pass
ShortTest,Chip0-Rx82,,-4,Pass
ShortTest,Chip0-Rx83,,-3,Pass

Short Test Rx PASS
////////////////////////,//////////////////////////////////////////////////////////////////////////////////,/////////////////////////////////////////////////////////////////////
ShortTest,Chip0-Tx0,Tx[ 0 ],-1,Pass
ShortTest,Chip0-Tx1,Tx[ 1 ],-2,Pass
ShortTest,Chip0-Tx2,Tx[ 2 ],-4,Pass
ShortTest,Chip0-Tx3,Tx[ 3 ],1,Pass
ShortTest,Chip0-Tx4,Tx[ 4 ],-1,Pass
ShortTest,Chip0-Tx5,Tx[ 5 ],-1,Pass
ShortTest,Chip0-Tx6,Tx[ 6 ],-1,Pass
ShortTest,Chip0-Tx7,Tx[ 7 ],2,Pass
ShortTest,Chip0-Tx8,Tx[ 8 ],-3,Pass
ShortTest,Chip0-Tx9,Tx[ 9 ],1,Pass
ShortTest,Chip0-Tx10,Tx[ 10 ],-2,Pass
ShortTest,Chip0-Tx11,Tx[ 11 ],-2,Pass
ShortTest,Chip0-Tx12,Tx[ 12 ],2,Pass
ShortTest,Chip0-Tx13,Tx[ 13 ],-3,Pass
ShortTest,Chip0-Tx14,Tx[ 14 ],2,Pass
ShortTest,Chip0-Tx15,Tx[ 15 ],-1,Pass
ShortTest,Chip0-Tx16,Tx[ 16 ],-1,Pass
ShortTest,Chip0-Tx17,Tx[ 17 ],-1,Pass
ShortTest,Chip0-Tx18,Tx[ 18 ],-3,Pass
ShortTest,Chip0-Tx19,Tx[ 19 ],-2,Pass
ShortTest,Chip0-Tx20,Tx[ 20 ],-1,Pass
ShortTest,Chip0-Tx21,Tx[ 21 ],-2,Pass
ShortTest,Chip0-Tx22,Tx[ 22 ],-1,Pass
ShortTest,Chip0-Tx23,Tx[ 23 ],-1,Pass
ShortTest,Chip0-Tx24,Tx[ 24 ],-3,Pass
ShortTest,Chip0-Tx25,Tx[ 25 ],2,Pass
ShortTest,Chip0-Tx26,Tx[ 26 ],-2,Pass
ShortTest,Chip0-Tx27,Tx[ 27 ],-2,Pass
ShortTest,Chip0-Tx28,Tx[ 28 ],-1,Pass
ShortTest,Chip0-Tx29,Tx[ 29 ],-2,Pass
ShortTest,Chip0-Tx30,Tx[ 30 ],-5,Pass
ShortTest,Chip0-Tx31,Tx[ 31 ],3,Pass
ShortTest,Chip0-Tx32,Tx[ 32 ],-4,Pass
ShortTest,Chip0-Tx33,Tx[ 33 ],-2,Pass
ShortTest,Chip0-Tx34,Tx[ 34 ],-1,Pass
ShortTest,Chip0-Tx35,Tx[ 35 ],-2,Pass
ShortTest,Chip0-Tx36,Tx[ 36 ],-1,Pass
ShortTest,Chip0-Tx37,,2,Pass
ShortTest,Chip0-Tx38,,-1,Pass
ShortTest,Chip0-Tx39,,0,Pass
ShortTest,Chip0-Tx40,,-2,Pass
ShortTest,Chip0-Tx41,,-1,Pass
ShortTest,Chip0-Tx42,,0,Pass
ShortTest,Chip0-Tx43,,-1,Pass
ShortTest,Chip0-Tx44,,-2,Pass
ShortTest,Chip0-Tx45,,-3,Pass
ShortTest,Chip0-Tx46,,-3,Pass
ShortTest,Chip0-Tx47,,-3,Pass

Short Test Tx PASS
////////////////////////,//////////////////////////////////////////////////////////////////////////////////,/////////////////////////////////////////////////////////////////////
MUTUAL CAP TEST
Threshold,50,LastRxTolerance,0,CornerTolerance,0,
Mutual Cap Test scaling:,20
origin point location :,lower right
,Chip-0[ 00 ],Chip-0[ 01 ],Chip-0[ 02 ],Chip-0[ 03 ],Chip-0[ 04 ],Chip-0[ 05 ],Chip-0[ 06 ],Chip-0[ 07 ],Chip-0[ 08 ],Chip-0[ 09 ],Chip-0[ 10 ],Chip-0[ 11 ],Chip-0[ 12 ],Chip-0[ 13 ],Chip-0[ 14 ],Chip-0[ 15 ],Chip-0[ 16 ],Chip-0[ 17 ],Chip-0[ 18 ],Chip-0[ 19 ],Chip-0[ 20 ],Chip-0[ 21 ],Chip-0[ 22 ],Chip-0[ 23 ],Chip-0[ 24 ],Chip-0[ 25 ],Chip-0[ 26 ],Chip-0[ 27 ],Chip-0[ 28 ],Chip-0[ 29 ],Chip-0[ 30 ],Chip-0[ 31 ],Chip-0[ 32 ],Chip-0[ 33 ],Chip-0[ 34 ],Chip-0[ 35 ],
Rx[ 00 ],-18,-4,-1,-2,1,-1,1,-1,-4,3,0,-3,-1,2,1,-2,0,0,0,-1,1,1,2,-3,-1,2,0,-1,2,-1,-1,1,-1,-1,3,1,Chip-0[ 06 ]
Rx[ 01 ],-4,1,-1,-1,-2,0,0,0,2,-3,1,3,-2,-2,-1,2,1,1,-1,2,-2,-1,-1,3,1,-2,0,1,-1,1,2,-4,3,0,0,-1,Chip-0[ 07 ]
Rx[ 02 ],-6,-4,1,1,-1,1,0,-1,1,2,-2,1,1,-1,1,-2,-1,1,2,-2,1,2,-2,-1,1,-1,2,-2,-2,2,-2,3,0,-1,-1,2,Chip-0[ 08 ]
Rx[ 03 ],-1,-1,-1,0,0,-1,2,-2,-1,1,1,-1,1,1,1,-2,1,-2,1,0,0,0,-1,2,-1,2,-2,-1,1,-1,2,-1,-2,3,-1,2,Chip-0[ 09 ]
Rx[ 04 ],-1,-1,-1,-2,1,3,-3,3,-1,-2,2,0,1,1,-1,-1,2,-1,-1,0,1,-2,3,-2,1,0,-1,0,2,-2,0,2,1,-1,0,-1,Chip-0[ 10 ]
Rx[ 05 ],-1,1,0,1,-1,-1,1,1,-2,3,-3,0,1,0,0,1,-1,2,-2,-1,3,-2,0,0,-1,0,0,0,-1,2,0,-2,2,-1,1,2,Chip-0[ 11 ]
Rx[ 06 ],2,1,-2,0,0,1,0,-3,1,-3,2,0,1,-1,-2,2,0,-1,2,1,-3,4,-1,-1,-1,1,0,1,-1,0,0,1,-2,3,-1,-2,Chip-0[ 12 ]
Rx[ 07 ],-4,1,1,1,-1,-1,1,0,1,-1,1,-1,-3,1,4,-1,-1,1,-3,2,1,-3,1,2,1,-1,0,-1,2,-2,1,1,0,-2,2,0,Chip-0[ 13 ]
Rx[ 08 ],0,-3,1,0,2,-1,-1,2,-1,3,-2,1,1,-1,-2,3,-1,-1,1,-1,-1,2,-2,0,2,-1,0,0,-1,2,0,0,-1,0,1,0,Chip-0[ 14 ]
Rx[ 09 ],0,0,1,-2,1,-1,2,-1,2,-2,1,0,-1,3,-2,-1,1,0,-1,0,2,-1,0,-2,-1,2,0,0,0,0,-1,-1,2,2,-2,1,Chip-0[ 15 ]
Rx[ 10 ],-1,1,-1,1,-1,1,-2,1,0,-1,0,0,3,-2,0,1,-1,-1,1,-2,0,1,2,0,-1,0,-2,1,1,-2,2,0,0,-3,1,0,Chip-0[ 16 ]
Rx[ 11 ],0,1,0,-1,1,-1,1,-2,0,0,2,0,-1,0,1,-2,0,2,0,2,-4,1,-2,2,0,-3,4,-2,0,1,-1,-1,2,1,0,-2,Chip-0[ 17 ]
Rx[ 12 ],0,-1,0,1,0,1,0,0,1,-2,0,-1,-1,1,1,1,1,-1,0,0,0,-3,2,-1,1,1,-3,1,0,1,1,-1,-2,1,0,2,Chip-0[ 18 ]
Rx[ 13 ],0,-1,0,-3,1,0,0,-1,0,2,-2,3,0,0,-1,0,-1,3,-1,-1,2,1,-1,0,-2,0,1,1,0,0,-3,4,-1,0,1,-2,Chip-0[ 19 ]
Rx[ 14 ],0,0,0,3,-2,-1,0,4,-1,1,1,-3,0,-2,1,-1,0,-1,0,0,0,-1,1,0,1,1,-2,1,0,-1,1,-2,3,-2,1,2,Chip-0[ 20 ]
Rx[ 15 ],1,-1,-1,1,-1,-1,2,0,-2,2,0,-1,0,0,-1,1,-1,0,1,-2,2,0,0,0,-1,0,3,0,-2,1,1,0,-2,2,-1,0,Chip-0[ 21 ]
Rx[ 16 ],-1,2,-1,0,1,0,-2,0,1,-1,0,1,-1,2,-2,1,0,0,2,2,-3,2,-2,-1,1,1,-2,1,-1,1,-1,0,3,-2,-2,-2,Chip-0[ 22 ]
Rx[ 17 ],1,0,2,-2,0,1,-1,-3,4,-2,-1,0,2,-3,3,-2,1,-1,0,2,-1,2,-2,0,0,0,-1,0,3,-2,-1,1,-1,0,0,1,Chip-0[ 23 ]
Rx[ 18 ],0,-1,0,1,1,-1,0,1,-3,1,0,-1,-2,1,-1,0,2,-2,1,-1,1,0,2,0,-1,1,-1,0,0,2,-1,-1,-2,1,3,1,Chip-0[ 24 ]
Rx[ 19 ],-2,0,0,-1,-1,3,-1,-2,0,1,-1,2,-1,1,1,0,0,1,0,-1,2,-3,1,-1,3,-4,3,0,-1,0,2,0,-3,3,-1,-1,Chip-0[ 25 ]
Rx[ 20 ],0,-1,-1,0,1,-2,1,2,0,-2,0,0,0,1,-1,1,-1,2,-1,1,-1,0,1,0,-1,2,0,-2,1,1,-1,-2,6,-3,-3,1,Chip-0[ 26 ]
Rx[ 21 ],-2,-1,2,-1,0,1,0,-1,0,0,1,0,2,-3,3,-1,2,-2,1,1,-3,3,-4,3,-1,-3,1,2,-1,0,1,2,-4,1,3,-1,Chip-0[ 27 ]
Rx[ 22 ],3,1,-1,2,0,0,1,-1,0,-2,1,1,-2,2,-1,0,0,1,-1,-2,2,-2,2,-2,0,3,-2,0,1,-1,-1,1,2,-2,2,0,Chip-0[ 28 ]
Rx[ 23 ],-6,1,-1,0,-1,0,-3,0,1,2,-1,0,3,0,1,0,2,-1,-2,2,1,0,-2,2,-2,-1,2,-1,2,-1,0,0,0,1,-2,1,Chip-0[ 29 ]
Rx[ 24 ],0,0,0,0,0,0,1,-1,0,1,1,0,-1,3,0,0,-1,-1,1,-2,0,0,-1,1,0,1,-3,2,-3,1,1,1,-2,1,1,1,Chip-0[ 30 ]
Rx[ 25 ],-2,-1,0,2,1,-3,1,1,0,0,-1,1,0,0,-2,2,-3,2,1,0,-1,0,4,-3,1,-2,2,-2,1,-1,0,-1,1,1,-2,3,Chip-0[ 31 ]
Rx[ 26 ],2,-1,-1,-1,-1,2,0,-1,-2,2,1,0,1,0,-2,3,-2,2,-2,1,2,-3,-2,2,0,-1,2,0,-2,3,-1,0,0,-1,1,-2,Chip-0[ 32 ]
Rx[ 27 ],-3,2,0,1,-1,0,-1,1,1,-3,2,-1,-1,-2,4,-5,3,-1,-1,2,0,0,0,1,1,2,-2,0,1,-1,0,0,-2,0,2,0,Chip-0[ 33 ]
Rx[ 28 ],0,0,0,-3,1,0,1,-1,0,1,-3,1,2,0,-3,1,0,-1,4,-1,-2,3,1,-2,3,-1,-2,1,0,0,-1,-2,2,1,-2,-1,Chip-0[ 34 ]
Rx[ 29 ],-3,2,1,-1,-2,0,1,2,-2,0,2,-1,-1,-3,1,-1,1,2,0,-1,1,0,-1,0,-3,3,1,0,1,-2,0,3,-3,0,1,2,Chip-0[ 35 ]
Rx[ 30 ],3,-2,0,2,2,0,-2,0,2,0,1,0,-2,4,-1,1,1,-2,0,1,-1,0,-2,1,0,0,0,1,-2,1,-1,1,2,-1,-2,-5,Chip-0[ 36 ]
Rx[ 31 ],-2,1,1,-2,0,0,0,-2,2,0,-2,0,1,-1,0,-1,-3,1,0,-1,-1,-2,4,0,2,-3,3,-3,3,-3,2,-3,2,0,2,6,Chip-0[ 37 ]
Rx[ 32 ],-1,-1,1,2,-1,-2,0,0,1,0,2,1,1,1,-1,1,0,-2,0,0,2,0,-2,-2,1,0,-3,4,-3,2,-1,0,0,0,1,-4,Chip-0[ 38 ]
Rx[ 33 ],1,2,-1,-1,0,-1,0,2,-3,2,-1,1,0,0,0,0,0,1,-2,1,-1,0,1,0,-2,1,1,-3,2,0,1,-1,1,0,-1,4,Chip-0[ 39 ]
Rx[ 34 ],-1,0,-1,-1,-2,0,2,-1,1,-1,1,1,1,-2,3,-1,0,1,-2,-1,1,-1,-1,-1,1,0,0,1,-1,1,1,3,-2,0,-1,0,Chip-0[ 40 ]
Rx[ 35 ],3,-1,2,0,-1,2,0,3,-1,0,1,-2,-1,1,-2,0,0,-1,1,-1,-1,1,2,0,-1,0,1,-1,-1,2,-3,1,-1,0,3,-2,Chip-0[ 41 ]
Rx[ 36 ],0,-1,0,-1,-1,1,0,-1,3,0,-2,0,1,0,1,-1,2,-2,1,0,0,0,-1,1,-2,2,-3,4,1,-3,3,-4,1,0,-2,0,Chip-0[ 42 ]
Rx[ 37 ],1,-1,-2,1,3,-4,4,1,-3,3,-2,0,-2,1,0,-1,-1,2,-2,2,0,2,-1,1,-1,-1,2,-2,1,-1,1,1,-1,-1,0,1,Chip-0[ 43 ]
Rx[ 38 ],3,0,2,-2,1,4,-1,1,1,-4,4,-2,1,-2,-1,1,0,-2,3,-3,2,-1,1,0,0,0,1,-2,0,-2,0,1,0,0,-1,1,Chip-0[ 44 ]
Rx[ 39 ],-1,1,-4,4,-2,0,-1,-1,0,3,-3,1,0,2,-1,-1,0,1,-1,2,-1,0,0,0,1,0,-2,3,-2,4,-3,0,2,-2,1,-2,Chip-0[ 45 ]
Rx[ 40 ],2,-1,1,-1,0,-1,1,1,-2,1,0,1,-2,-2,2,1,-1,2,-1,-1,3,-2,2,-1,1,-3,1,-2,3,-2,1,-1,-1,2,-1,1,Chip-0[ 46 ]
Rx[ 41 ],1,1,1,-1,1,0,-2,0,1,-1,0,-1,0,1,-1,1,1,-1,0,3,-2,2,-4,3,-2,1,-1,0,-2,3,-2,2,-1,1,1,-1,Chip-0[ 47 ]
Rx[ 42 ],1,-2,0,1,-2,0,0,0,1,-1,1,0,-1,-1,2,1,-2,1,3,-3,1,-1,3,-3,0,2,-1,0,0,-1,1,0,1,-2,-1,-1,Chip-0[ 48 ]
Rx[ 43 ],0,3,-1,-1,1,1,-1,1,-2,0,-1,0,0,-1,1,1,1,0,-1,-2,1,1,1,-3,2,-2,2,0,2,-4,0,0,0,-1,2,-1,Chip-0[ 49 ]
Rx[ 44 ],-1,1,3,-1,3,-1,2,-2,-1,0,-1,0,1,1,-2,-1,0,0,-1,2,-2,1,-2,2,-1,0,1,-3,0,2,1,-4,1,5,-3,2,Chip-0[ 50 ]
Rx[ 45 ],2,-4,2,0,-1,0,-3,0,2,-2,2,0,0,0,2,0,0,0,1,0,1,-2,1,-1,-1,2,-2,3,-3,1,0,3,-2,-2,1,-1,Chip-0[ 51 ]
Rx[ 46 ],2,1,-5,2,-1,-1,2,-3,0,0,0,-2,0,3,0,-2,4,-2,-1,1,-2,1,-2,1,1,-1,2,1,1,-2,0,-1,2,-2,0,0,Chip-0[ 52 ]
Rx[ 47 ],-1,1,1,-1,1,1,-2,3,-1,-2,-1,0,4,-1,-3,4,-6,3,-1,-2,1,-2,2,0,0,1,1,-1,1,0,0,1,-1,1,1,-3,Chip-0[ 53 ]
Rx[ 48 ],0,0,-1,1,1,0,1,-2,0,2,-1,2,-5,0,2,-2,2,-2,0,1,0,1,-2,1,1,-1,-1,0,0,1,1,0,0,-2,1,1,Chip-0[ 54 ]
Rx[ 49 ],-1,2,0,0,0,1,2,2,-1,-2,1,0,1,-2,0,0,-2,0,0,1,-3,2,3,-2,-1,0,1,-1,-1,2,-1,1,-1,1,-1,1,Chip-0[ 55 ]
Rx[ 50 ],1,-4,2,-1,0,-1,0,-2,2,1,-1,-1,0,1,-2,0,3,-2,2,-2,3,1,-1,0,0,1,-3,2,0,-1,1,0,-2,2,-2,2,Chip-0[ 56 ]
Rx[ 51 ],1,1,-3,2,-1,0,0,1,-2,1,0,1,-1,-2,2,0,-1,3,-2,2,-1,1,-2,2,-3,1,2,-3,2,0,-2,1,0,-2,4,-6,Chip-0[ 57 ]
Rx[ 52 ],-1,-1,2,-2,2,0,-1,0,0,-1,0,-2,1,3,-1,-2,1,-1,2,2,-2,-2,1,-2,3,-2,1,2,-4,1,0,-1,2,0,0,0,Chip-0[ 58 ]
Rx[ 53 ],1,1,0,1,-3,2,0,1,0,-1,0,2,-2,-1,1,0,1,-2,0,-1,2,-3,1,0,0,1,-2,0,2,-3,2,0,0,1,-4,4,Chip-0[ 59 ]
Rx[ 54 ],0,1,1,0,2,-2,1,0,2,2,-1,-1,2,-3,0,0,-1,1,0,-2,1,0,-1,2,-1,-1,0,-1,1,0,-1,2,-2,0,1,-5,Chip-0[ 60 ]
Rx[ 55 ],2,0,0,-1,-1,-1,0,-2,-1,2,-1,-1,1,1,0,-2,0,0,0,2,-3,1,0,-1,0,2,0,0,0,-1,2,-2,2,0,0,2,Chip-0[ 61 ]
Rx[ 56 ],-1,1,-2,1,0,0,-2,2,-4,-1,3,-2,1,0,-2,1,1,0,0,-2,2,1,-1,1,1,-3,3,-2,1,0,-1,-1,1,0,0,0,Chip-0[ 62 ]
Rx[ 57 ],1,0,1,-1,-1,0,2,-1,1,-2,0,3,-3,-1,1,-1,0,1,-1,1,-2,0,0,0,1,2,-3,2,-2,1,1,0,-3,0,3,-3,Chip-0[ 63 ]
Rx[ 58 ],1,-1,1,1,-1,0,0,-1,0,2,-3,-1,-2,3,-2,3,-2,2,-1,-2,2,1,-1,0,-1,1,-2,1,2,0,-1,-1,3,1,-4,2,Chip-0[ 64 ]
Rx[ 59 ],3,-1,-1,-2,3,0,-3,1,2,-2,1,0,3,-3,1,-1,-1,1,-1,2,-1,-2,2,0,1,-3,2,1,0,-1,-1,1,0,-2,2,-2,Chip-0[ 65 ]
Rx[ 60 ],-1,2,0,-1,0,0,3,2,-2,1,0,-1,0,1,1,0,0,-3,3,0,-1,0,-1,-2,0,2,1,-2,-1,2,0,1,-2,1,-2,2,Chip-0[ 66 ]
Rx[ 61 ],0,0,-1,3,-2,0,0,-2,1,1,-1,4,-1,-2,0,-1,2,-1,-2,0,1,-2,0,0,1,-1,1,1,0,-1,0,1,0,-1,2,-2,Chip-0[ 67 ]
Rx[ 62 ],4,3,0,0,1,-2,0,0,1,-3,0,-4,4,0,0,2,-2,0,0,0,1,1,-2,3,-1,-1,-1,1,1,-1,-1,2,0,0,0,0,Chip-0[ 68 ]
Rx[ 63 ],6,-2,1,0,2,1,-2,1,-1,3,-1,0,-1,0,2,-2,1,-2,3,-1,-1,1,1,-1,-2,2,1,-2,-3,2,0,1,-2,1,1,-1,Chip-0[ 69 ]
Rx[ 64 ],21,4,2,0,-2,1,1,1,0,-1,3,-2,-1,3,-3,2,-3,4,-3,2,0,-2,4,-1,1,-2,-2,2,2,-2,2,-5,3,0,-1,1,Chip-0[ 70 ]
,Tx[ 00 ],Tx[ 01 ],Tx[ 02 ],Tx[ 03 ],Tx[ 04 ],Tx[ 05 ],Tx[ 06 ],Tx[ 07 ],Tx[ 08 ],Tx[ 09 ],Tx[ 10 ],Tx[ 11 ],Tx[ 12 ],Tx[ 13 ],Tx[ 14 ],Tx[ 15 ],Tx[ 16 ],Tx[ 17 ],Tx[ 18 ],Tx[ 19 ],Tx[ 20 ],Tx[ 21 ],Tx[ 22 ],Tx[ 23 ],Tx[ 24 ],Tx[ 25 ],Tx[ 26 ],Tx[ 27 ],Tx[ 28 ],Tx[ 29 ],Tx[ 30 ],Tx[ 31 ],Tx[ 32 ],Tx[ 33 ],Tx[ 34 ],Tx[ 35 ],

L2 Threshold:,100
L2 Max Data
,PR,Chip-0[ 00 ],Chip-0[ 01 ],Chip-0[ 02 ],Chip-0[ 03 ],Chip-0[ 04 ],Chip-0[ 05 ],Chip-0[ 06 ],Chip-0[ 07 ],Chip-0[ 08 ],Chip-0[ 09 ],Chip-0[ 10 ],Chip-0[ 11 ],Chip-0[ 12 ],Chip-0[ 13 ],Chip-0[ 14 ],Chip-0[ 15 ],Chip-0[ 16 ],Chip-0[ 17 ],Chip-0[ 18 ],Chip-0[ 19 ],Chip-0[ 20 ],Chip-0[ 21 ],Chip-0[ 22 ],Chip-0[ 23 ],Chip-0[ 24 ],Chip-0[ 25 ],Chip-0[ 26 ],Chip-0[ 27 ],Chip-0[ 28 ],Chip-0[ 29 ],Chip-0[ 30 ],Chip-0[ 31 ],Chip-0[ 32 ],Chip-0[ 33 ],Chip-0[ 34 ],Chip-0[ 35 ],Chip-0[ 36 ],
PT,,0,0,0,0,0,0,0,0,0,0,0,0,0,0,0,0,0,0,0,0,0,0,0,0,0,0,0,0,0,0,0,0,0,0,0,0,0,PT
Rx[ 00 ],0,-6,-7,-6,-6,-5,-6,-5,-5,-5,-5,-5,-6,-5,-5,-5,-5,-5,-5,-5,-6,-5,-5,-5,-6,-6,-6,-6,-6,-6,-6,-6,-6,-6,-6,-6,-6,-7,Chip-0[ 06 ]
Rx[ 01 ],0,-6,-7,-7,-7,-7,-7,-7,-7,-7,-7,-7,-8,-7,-7,-7,-7,-7,-8,-8,-8,-8,-7,-8,-7,-8,-8,-8,-8,-8,-8,-8,-8,-8,-8,-8,-8,-7,Chip-0[ 07 ]
Rx[ 02 ],0,-6,-7,-8,-8,-8,-8,-8,-8,-8,-8,-8,-8,-8,-7,-8,-8,-8,-8,-9,-8,-8,-9,-8,-8,-8,-8,-8,-8,-9,-9,-8,-9,-8,-8,-8,-9,-8,Chip-0[ 08 ]
Rx[ 03 ],0,-6,-7,-7,-7,-7,-8,-8,-8,-8,-8,-8,-8,-8,-8,-8,-8,-8,-8,-8,-8,-8,-8,-8,-8,-8,-8,-8,-8,-8,-8,-8,-8,-8,-8,-8,-8,-8,Chip-0[ 09 ]
Rx[ 04 ],0,-6,-7,-6,-7,-7,-7,-7,-7,-7,-7,-7,-7,-7,-7,-7,-7,-7,-7,-8,-8,-7,-8,-7,-7,-8,-8,-7,-7,-7,-8,-8,-8,-8,-8,-7,-7,-7,Chip-0[ 10 ]
Rx[ 05 ],0,-7,-7,-7,-7,-7,-7,-7,-7,-7,-7,-7,-7,-7,-7,-7,-7,-8,-7,-7,-7,-7,-7,-7,-7,-8,-7,-8,-8,-7,-8,-7,-7,-8,-7,-7,-8,-7,Chip-0[ 11 ]
Rx[ 06 ],0,-7,-8,-8,-8,-8,-8,-8,-8,-8,-8,-8,-8,-8,-8,-9,-8,-8,-9,-9,-9,-8,-9,-8,-9,-9,-9,-9,-9,-9,-9,-9,-9,-9,-9,-8,-8,-9,Chip-0[ 12 ]
Rx[ 07 ],0,-7,-7,-7,-7,-7,-7,-7,-7,-7,-7,-7,-7,-7,-7,-7,-7,-7,-7,-7,-7,-8,-7,-7,-7,-6,-7,-7,-7,-7,-8,-7,-7,-7,-7,-7,-7,-7,Chip-0[ 13 ]
Rx[ 08 ],0,-8,-9,-9,-9,-9,-9,-9,-9,-9,-9,-9,-9,-9,-9,-9,-9,-9,-9,-9,-9,-9,-9,-9,-9,-9,-9,-9,-9,-9,-9,-9,-9,-9,-9,-9,-9,-9,Chip-0[ 14 ]
Rx[ 09 ],0,-7,-7,-7,-7,-7,-7,-7,-7,-7,-7,-7,-7,-7,-7,-7,-7,-7,-7,-7,-7,-7,-7,-7,-7,-7,-7,-7,-7,-7,-7,-7,-7,-7,-7,-7,-7,-7,Chip-0[ 15 ]
Rx[ 10 ],0,-8,-8,-8,-8,-8,-8,-8,-8,-8,-8,-8,-8,-9,-8,-8,-8,-8,-8,-9,-8,-8,-9,-9,-8,-9,-8,-8,-8,-8,-9,-9,-9,-8,-8,-9,-9,-9,Chip-0[ 16 ]
Rx[ 11 ],0,-8,-8,-8,-8,-8,-8,-8,-8,-8,-8,-9,-9,-8,-9,-9,-9,-9,-8,-9,-8,-9,-9,-9,-9,-9,-9,-9,-9,-9,-8,-9,-9,-9,-9,-9,-8,-9,Chip-0[ 17 ]
Rx[ 12 ],0,-8,-9,-9,-9,-9,-9,-9,-9,-9,-9,-9,-9,-9,-9,-9,-9,-9,-9,-9,-9,-9,-9,-9,-9,-9,-9,-9,-10,-9,-9,-9,-10,-10,-10,-9,-9,-9,Chip-0[ 18 ]
Rx[ 13 ],0,-7,-7,-7,-7,-7,-7,-7,-7,-7,-7,-7,-7,-7,-7,-7,-7,-8,-7,-8,-7,-8,-7,-8,-7,-8,-8,-8,-7,-7,-7,-8,-7,-8,-8,-7,-8,-7,Chip-0[ 19 ]
Rx[ 14 ],0,-5,-6,-6,-6,-6,-7,-7,-7,-6,-7,-7,-7,-6,-6,-7,-7,-7,-7,-7,-7,-7,-7,-7,-7,-6,-6,-7,-7,-6,-7,-7,-7,-6,-6,-6,-7,-7,Chip-0[ 20 ]
Rx[ 15 ],0,-9,-9,-9,-9,-9,-8,-9,-9,-9,-9,-9,-9,-9,-9,-9,-9,-9,-9,-9,-9,-10,-9,-10,-9,-9,-9,-9,-9,-9,-9,-9,-9,-10,-9,-10,-9,-9,Chip-0[ 21 ]
Rx[ 16 ],0,-10,-10,-10,-10,-10,-10,-10,-10,-10,-10,-10,-10,-10,-10,-10,-10,-10,-10,-10,-10,-10,-10,-10,-10,-10,-10,-10,-10,-10,-10,-10,-10,-10,-10,-10,-10,-10,Chip-0[ 22 ]
Rx[ 17 ],0,-8,-8,-8,-7,-8,-8,-8,-8,-8,-8,-8,-7,-8,-8,-8,-7,-8,-8,-7,-7,-8,-8,-8,-8,-7,-8,-8,-8,-8,-8,-8,-7,-7,-7,-8,-7,-7,Chip-0[ 23 ]
Rx[ 18 ],0,-9,-9,-9,-9,-9,-9,-9,-9,-9,-9,-9,-9,-9,-9,-9,-9,-9,-9,-9,-9,-9,-9,-9,-9,-9,-9,-9,-9,-9,-9,-9,-9,-9,-9,-9,-9,-9,Chip-0[ 24 ]
Rx[ 19 ],0,-9,-9,-9,-9,-9,-9,-9,-8,-9,-9,-9,-9,-9,-9,-9,-9,-9,-9,-9,-9,-9,-9,-9,-9,-9,-9,-9,-9,-9,-9,-9,-9,-9,-9,-9,-9,-9,Chip-0[ 25 ]
Rx[ 20 ],0,-10,-10,-10,-10,-10,-10,-10,-11,-10,-10,-10,-11,-10,-10,-10,-10,-10,-10,-10,-10,-10,-10,-10,-10,-10,-10,-10,-10,-10,-10,-10,-10,-10,-10,-10,-10,-10,Chip-0[ 26 ]
Rx[ 21 ],0,-8,-8,-7,-8,-8,-8,-8,-8,-8,-8,-7,-7,-8,-8,-8,-8,-8,-8,-8,-8,-8,-8,-8,-8,-8,-8,-8,-8,-8,-8,-8,-8,-8,-8,-8,-8,-8,Chip-0[ 27 ]
Rx[ 22 ],0,-9,-9,-9,-10,-9,-10,-9,-9,-9,-9,-9,-9,-9,-10,-9,-10,-10,-10,-10,-10,-10,-10,-10,-10,-10,-10,-10,-10,-10,-9,-10,-10,-10,-10,-10,-10,-9,Chip-0[ 28 ]
Rx[ 23 ],0,-9,-9,-9,-9,-9,-9,-9,-9,-9,-9,-9,-9,-9,-9,-9,-9,-9,-9,-9,-9,-9,-9,-9,-9,-9,-9,-9,-9,-9,-9,-9,-9,-9,-9,-9,-9,-9,Chip-0[ 29 ]
Rx[ 24 ],0,-9,-9,-9,-9,-9,-9,-9,-9,-9,-9,-9,-8,-9,-8,-9,-9,-9,-9,-9,-9,-9,-9,-9,-8,-9,-9,-9,-9,-9,-9,-9,-9,-9,-9,-9,-9,-9,Chip-0[ 30 ]
Rx[ 25 ],0,-9,-8,-9,-9,-9,-8,-9,-9,-9,-9,-9,-9,-9,-9,-9,-9,-9,-9,-9,-9,-9,-9,-9,-9,-9,-9,-9,-9,-9,-9,-9,-9,-8,-9,-8,-9,-9,Chip-0[ 31 ]
Rx[ 26 ],0,-10,-10,-10,-10,-10,-10,-10,-10,-10,-10,-10,-10,-10,-10,-10,-10,-10,-10,-10,-10,-10,-10,-10,-10,-10,-10,-10,-10,-10,-10,-10,-10,-10,-10,-10,-10,-10,Chip-0[ 32 ]
Rx[ 27 ],0,-9,-9,-9,-9,-9,-9,-9,-9,-9,-9,-9,-9,-9,-9,-9,-9,-9,-9,-9,-9,-9,-9,-9,-9,-9,-9,-9,-9,-9,-9,-9,-9,-9,-9,-9,-9,-9,Chip-0[ 33 ]
Rx[ 28 ],0,-9,-9,-9,-9,-9,-9,-9,-9,-9,-9,-9,-9,-9,-9,-9,-9,-9,-9,-9,-9,-9,-9,-9,-9,-9,-9,-9,-9,-9,-9,-9,-9,-9,-9,-9,-9,-9,Chip-0[ 34 ]
Rx[ 29 ],0,-9,-9,-9,-9,-9,-9,-9,-9,-9,-9,-9,-9,-9,-9,-9,-9,-9,-9,-9,-9,-9,-9,-9,-9,-9,-9,-9,-9,-9,-9,-9,-9,-9,-9,-9,-9,-9,Chip-0[ 35 ]
Rx[ 30 ],0,-9,-9,-9,-9,-10,-10,-10,-10,-10,-10,-10,-9,-10,-9,-9,-9,-10,-9,-9,-10,-9,-9,-10,-10,-10,-9,-10,-10,-9,-10,-10,-10,-10,-9,-10,-10,-10,Chip-0[ 36 ]
Rx[ 31 ],0,-10,-10,-10,-10,-10,-10,-10,-10,-10,-10,-10,-10,-10,-10,-10,-10,-10,-10,-10,-10,-10,-10,-10,-10,-10,-10,-10,-10,-10,-10,-10,-10,-10,-10,-10,-10,-10,Chip-0[ 37 ]
Rx[ 32 ],0,-9,-9,-9,-9,-9,-9,-9,-9,-9,-9,-9,-9,-9,-9,-9,-9,-9,-9,-9,-9,-9,-9,-9,-9,-9,-9,-9,-9,-9,-9,-9,-9,-10,-9,-9,-9,-9,Chip-0[ 38 ]
Rx[ 33 ],0,-8,-9,-9,-9,-8,-9,-9,-8,-9,-9,-9,-9,-9,-9,-9,-9,-9,-9,-9,-9,-9,-9,-9,-8,-9,-9,-8,-8,-8,-9,-9,-9,-9,-9,-8,-9,-9,Chip-0[ 39 ]
Rx[ 34 ],0,-11,-11,-11,-11,-11,-10,-10,-11,-11,-11,-10,-11,-11,-10,-10,-10,-10,-10,-10,-11,-11,-11,-11,-11,-11,-11,-11,-11,-11,-11,-11,-11,-11,-11,-10,-11,-11,Chip-0[ 40 ]
Rx[ 35 ],0,-9,-9,-9,-9,-9,-9,-9,-9,-9,-9,-9,-8,-9,-9,-9,-9,-9,-9,-9,-9,-9,-9,-9,-9,-9,-9,-9,-9,-9,-9,-9,-9,-9,-9,-9,-9,-9,Chip-0[ 41 ]
Rx[ 36 ],0,-9,-9,-10,-10,-10,-10,-10,-10,-9,-9,-9,-9,-10,-9,-10,-10,-10,-9,-10,-10,-9,-9,-10,-9,-9,-10,-9,-9,-9,-9,-9,-9,-10,-10,-10,-10,-10,Chip-0[ 42 ]
Rx[ 37 ],0,-9,-9,-9,-9,-9,-9,-9,-9,-9,-9,-9,-9,-9,-9,-9,-9,-9,-9,-9,-9,-9,-9,-9,-9,-9,-9,-9,-9,-9,-9,-8,-9,-9,-9,-9,-9,-9,Chip-0[ 43 ]
Rx[ 38 ],0,-9,-9,-9,-9,-9,-9,-9,-9,-9,-9,-9,-9,-9,-9,-9,-9,-9,-9,-9,-9,-9,-9,-9,-9,-9,-9,-9,-9,-9,-9,-9,-9,-9,-9,-9,-9,-9,Chip-0[ 44 ]
Rx[ 39 ],0,-10,-10,-10,-10,-10,-10,-10,-10,-10,-10,-10,-10,-10,-10,-10,-10,-10,-10,-10,-10,-10,-10,-10,-10,-10,-10,-10,-10,-10,-10,-10,-10,-10,-10,-10,-10,-10,Chip-0[ 45 ]
Rx[ 40 ],0,-9,-10,-10,-10,-10,-10,-10,-10,-10,-10,-10,-10,-10,-10,-10,-10,-9,-10,-10,-10,-10,-10,-10,-10,-10,-10,-10,-10,-10,-10,-10,-10,-10,-10,-10,-10,-10,Chip-0[ 46 ]
Rx[ 41 ],0,-10,-10,-9,-9,-9,-9,-9,-9,-10,-10,-9,-10,-10,-9,-9,-9,-9,-10,-10,-10,-10,-9,-9,-10,-10,-10,-10,-10,-9,-10,-9,-9,-10,-9,-9,-10,-10,Chip-0[ 47 ]
Rx[ 42 ],0,-8,-9,-9,-8,-9,-8,-9,-8,-9,-9,-9,-9,-8,-9,-9,-9,-8,-9,-9,-8,-8,-8,-8,-8,-8,-8,-8,-8,-8,-8,-8,-8,-9,-8,-9,-8,-8,Chip-0[ 48 ]
Rx[ 43 ],0,-10,-10,-10,-10,-10,-10,-10,-10,-10,-10,-10,-10,-10,-10,-10,-10,-10,-9,-10,-10,-10,-10,-10,-10,-10,-10,-10,-9,-10,-10,-10,-10,-10,-10,-10,-10,-10,Chip-0[ 49 ]
Rx[ 44 ],0,-10,-10,-10,-10,-10,-10,-10,-10,-10,-10,-10,-10,-10,-10,-10,-10,-10,-10,-10,-10,-10,-10,-10,-10,-10,-10,-10,-10,-10,-10,-10,-10,-10,-10,-10,-10,-10,Chip-0[ 50 ]
Rx[ 45 ],0,-9,-9,-9,-9,-9,-9,-9,-9,-9,-9,-9,-9,-9,-9,-9,-9,-9,-8,-9,-9,-9,-9,-9,-9,-9,-9,-9,-9,-9,-9,-9,-9,-9,-9,-9,-9,-9,Chip-0[ 51 ]
Rx[ 46 ],0,-10,-9,-10,-10,-10,-9,-9,-10,-10,-10,-10,-10,-10,-10,-10,-10,-9,-10,-9,-9,-9,-9,-9,-9,-9,-9,-9,-9,-10,-9,-9,-9,-9,-9,-9,-9,-9,Chip-0[ 52 ]
Rx[ 47 ],0,-9,-10,-10,-10,-10,-9,-10,-9,-10,-10,-9,-9,-10,-10,-9,-10,-10,-10,-10,-10,-10,-9,-9,-10,-10,-10,-10,-9,-9,-9,-10,-9,-9,-10,-9,-9,-9,Chip-0[ 53 ]
Rx[ 48 ],0,-10,-10,-10,-10,-10,-10,-9,-10,-9,-10,-10,-10,-10,-9,-10,-10,-9,-9,-10,-9,-9,-10,-9,-10,-9,-9,-9,-9,-9,-10,-9,-9,-9,-9,-9,-9,-9,Chip-0[ 54 ]
Rx[ 49 ],0,-9,-9,-9,-9,-9,-9,-9,-9,-9,-9,-9,-9,-9,-9,-9,-9,-9,-9,-9,-9,-9,-9,-9,-9,-9,-9,-9,-9,-9,-9,-9,-9,-9,-9,-9,-9,-9,Chip-0[ 55 ]
Rx[ 50 ],0,-9,-9,-9,-9,-9,-9,-9,-9,-9,-9,-9,-9,-9,-9,-9,-9,-9,-9,-9,-9,-9,-9,-9,-9,-9,-9,-9,-9,-9,-9,-9,-9,-9,-9,-9,-9,-9,Chip-0[ 56 ]
Rx[ 51 ],0,-6,-6,-7,-7,-6,-7,-7,-7,-7,-6,-6,-6,-6,-7,-7,-7,-6,-6,-6,-7,-7,-7,-6,-7,-6,-6,-7,-6,-6,-6,-6,-7,-7,-6,-7,-6,-6,Chip-0[ 57 ]
Rx[ 52 ],0,-10,-10,-10,-10,-9,-10,-10,-9,-9,-9,-9,-10,-9,-10,-9,-9,-10,-9,-9,-9,-10,-9,-9,-9,-9,-9,-9,-9,-9,-9,-9,-10,-9,-9,-9,-9,-9,Chip-0[ 58 ]
Rx[ 53 ],0,-8,-8,-8,-8,-8,-8,-8,-8,-8,-8,-8,-8,-8,-8,-8,-8,-8,-8,-8,-8,-8,-8,-8,-8,-9,-8,-8,-8,-8,-8,-8,-8,-8,-8,-8,-8,-8,Chip-0[ 59 ]
Rx[ 54 ],0,-9,-9,-9,-9,-9,-10,-9,-9,-9,-9,-9,-9,-9,-9,-9,-9,-9,-9,-10,-9,-9,-9,-9,-9,-9,-9,-9,-9,-9,-9,-9,-9,-9,-9,-9,-9,-9,Chip-0[ 60 ]
Rx[ 55 ],0,-8,-9,-8,-8,-9,-8,-9,-8,-9,-8,-9,-9,-9,-9,-9,-9,-9,-9,-9,-9,-9,-9,-8,-9,-9,-9,-8,-9,-9,-8,-9,-9,-8,-8,-8,-9,-9,Chip-0[ 61 ]
Rx[ 56 ],0,-9,-9,-9,-9,-9,-9,-9,-9,-9,-9,-9,-9,-9,-9,-9,-9,-9,-9,-9,-9,-9,-9,-9,-9,-9,-9,-9,-9,-9,-9,-9,-9,-9,-9,-9,-9,-9,Chip-0[ 62 ]
Rx[ 57 ],0,-8,-8,-9,-9,-9,-8,-9,-9,-9,-9,-9,-9,-9,-9,-9,-9,-9,-9,-9,-9,-9,-9,-9,-9,-9,-9,-9,-9,-9,-9,-9,-9,-9,-9,-9,-9,-9,Chip-0[ 63 ]
Rx[ 58 ],0,-8,-8,-8,-8,-8,-8,-8,-9,-9,-8,-9,-8,-9,-9,-9,-9,-8,-9,-9,-9,-9,-9,-8,-9,-8,-9,-8,-8,-9,-8,-8,-8,-8,-9,-9,-9,-9,Chip-0[ 64 ]
Rx[ 59 ],0,-7,-8,-8,-8,-8,-7,-8,-8,-8,-8,-8,-8,-8,-8,-8,-8,-8,-8,-8,-7,-8,-8,-8,-8,-8,-8,-8,-8,-8,-8,-8,-8,-8,-8,-8,-8,-7,Chip-0[ 65 ]
Rx[ 60 ],0,-8,-7,-8,-8,-8,-8,-8,-7,-8,-8,-8,-8,-8,-8,-8,-8,-8,-8,-8,-7,-8,-8,-8,-9,-8,-8,-8,-8,-8,-8,-8,-8,-8,-8,-8,-8,-8,Chip-0[ 66 ]
Rx[ 61 ],0,-8,-9,-9,-9,-9,-9,-9,-9,-9,-9,-9,-9,-9,-9,-9,-9,-9,-9,-9,-9,-9,-9,-9,-9,-9,-9,-9,-9,-9,-9,-9,-9,-9,-9,-9,-9,-9,Chip-0[ 67 ]
Rx[ 62 ],0,-7,-7,-8,-8,-8,-8,-8,-8,-8,-8,-8,-8,-9,-8,-8,-8,-8,-8,-8,-8,-8,-8,-8,-8,-8,-9,-8,-8,-8,-9,-9,-9,-8,-8,-8,-8,-8,Chip-0[ 68 ]
Rx[ 63 ],0,-5,-6,-6,-6,-6,-6,-6,-6,-6,-6,-6,-6,-6,-6,-7,-6,-6,-6,-7,-7,-7,-7,-6,-6,-7,-6,-7,-7,-7,-7,-7,-7,-7,-6,-7,-6,-7,Chip-0[ 69 ]
Rx[ 64 ],0,7,5,6,7,6,6,7,7,7,6,6,6,6,6,7,6,7,6,7,6,5,6,7,6,7,6,5,5,5,6,5,6,5,5,5,6,5,Chip-0[ 70 ]
,PR,Tx[ 00 ],Tx[ 01 ],Tx[ 02 ],Tx[ 03 ],Tx[ 04 ],Tx[ 05 ],Tx[ 06 ],Tx[ 07 ],Tx[ 08 ],Tx[ 09 ],Tx[ 10 ],Tx[ 11 ],Tx[ 12 ],Tx[ 13 ],Tx[ 14 ],Tx[ 15 ],Tx[ 16 ],Tx[ 17 ],Tx[ 18 ],Tx[ 19 ],Tx[ 20 ],Tx[ 21 ],Tx[ 22 ],Tx[ 23 ],Tx[ 24 ],Tx[ 25 ],Tx[ 26 ],Tx[ 27 ],Tx[ 28 ],Tx[ 29 ],Tx[ 30 ],Tx[ 31 ],Tx[ 32 ],Tx[ 33 ],Tx[ 34 ],Tx[ 35 ],Tx[ 36 ],

L2 Min Data
,PR,Chip-0[ 00 ],Chip-0[ 01 ],Chip-0[ 02 ],Chip-0[ 03 ],Chip-0[ 04 ],Chip-0[ 05 ],Chip-0[ 06 ],Chip-0[ 07 ],Chip-0[ 08 ],Chip-0[ 09 ],Chip-0[ 10 ],Chip-0[ 11 ],Chip-0[ 12 ],Chip-0[ 13 ],Chip-0[ 14 ],Chip-0[ 15 ],Chip-0[ 16 ],Chip-0[ 17 ],Chip-0[ 18 ],Chip-0[ 19 ],Chip-0[ 20 ],Chip-0[ 21 ],Chip-0[ 22 ],Chip-0[ 23 ],Chip-0[ 24 ],Chip-0[ 25 ],Chip-0[ 26 ],Chip-0[ 27 ],Chip-0[ 28 ],Chip-0[ 29 ],Chip-0[ 30 ],Chip-0[ 31 ],Chip-0[ 32 ],Chip-0[ 33 ],Chip-0[ 34 ],Chip-0[ 35 ],Chip-0[ 36 ],
PT,,0,0,0,0,0,0,0,0,0,0,0,0,0,0,0,0,0,0,0,0,0,0,0,0,0,0,0,0,0,0,0,0,0,0,0,0,0,PT
Rx[ 00 ],0,-28,-27,-28,-29,-28,-28,-28,-28,-29,-29,-28,-28,-28,-29,-28,-28,-28,-28,-28,-28,-28,-29,-28,-28,-27,-28,-27,-27,-28,-28,-27,-28,-28,-28,-27,-27,-26,Chip-0[ 06 ]
Rx[ 01 ],0,-23,-22,-21,-22,-22,-22,-22,-22,-22,-22,-22,-22,-21,-23,-22,-22,-22,-22,-22,-21,-22,-22,-22,-22,-21,-21,-21,-21,-22,-22,-21,-21,-21,-22,-21,-20,-21,Chip-0[ 07 ]
Rx[ 02 ],0,-14,-14,-14,-14,-13,-14,-14,-13,-14,-13,-13,-13,-13,-13,-13,-14,-13,-13,-13,-13,-13,-13,-13,-13,-13,-13,-13,-13,-13,-13,-13,-13,-13,-13,-13,-13,-13,Chip-0[ 08 ]
Rx[ 03 ],0,-16,-16,-16,-15,-16,-15,-17,-16,-15,-16,-15,-16,-15,-16,-15,-15,-16,-15,-15,-16,-15,-15,-16,-15,-15,-16,-17,-16,-16,-15,-15,-14,-15,-15,-15,-16,-16,Chip-0[ 09 ]
Rx[ 04 ],0,-14,-14,-13,-14,-14,-13,-14,-13,-13,-13,-13,-13,-13,-13,-13,-13,-13,-13,-13,-13,-13,-13,-13,-13,-13,-13,-13,-13,-13,-13,-13,-13,-13,-13,-13,-13,-13,Chip-0[ 10 ]
Rx[ 05 ],0,-17,-17,-16,-16,-16,-16,-15,-16,-16,-16,-16,-17,-16,-17,-16,-16,-16,-16,-16,-16,-16,-16,-16,-16,-16,-16,-15,-16,-16,-16,-16,-16,-16,-16,-16,-16,-16,Chip-0[ 11 ]
Rx[ 06 ],0,-13,-13,-13,-13,-13,-13,-13,-13,-13,-13,-13,-13,-13,-13,-13,-13,-13,-13,-13,-13,-13,-13,-13,-13,-13,-13,-13,-13,-13,-13,-13,-13,-13,-13,-13,-13,-13,Chip-0[ 12 ]
Rx[ 07 ],0,-15,-15,-15,-15,-15,-15,-15,-15,-15,-15,-15,-15,-15,-15,-15,-15,-15,-15,-15,-15,-15,-15,-15,-15,-15,-15,-15,-15,-15,-15,-14,-14,-15,-15,-15,-15,-15,Chip-0[ 13 ]
Rx[ 08 ],0,-14,-14,-13,-13,-14,-13,-13,-13,-13,-13,-13,-13,-13,-13,-13,-13,-13,-13,-13,-13,-13,-13,-13,-13,-13,-13,-13,-13,-13,-13,-13,-13,-13,-13,-13,-13,-13,Chip-0[ 14 ]
Rx[ 09 ],0,-17,-16,-16,-16,-16,-16,-16,-15,-15,-15,-16,-16,-15,-16,-16,-16,-16,-16,-15,-15,-16,-16,-15,-16,-16,-16,-15,-16,-16,-16,-15,-15,-16,-16,-16,-15,-15,Chip-0[ 15 ]
Rx[ 10 ],0,-13,-13,-13,-13,-13,-13,-13,-13,-13,-13,-13,-13,-13,-13,-13,-13,-13,-13,-13,-13,-13,-13,-13,-13,-13,-13,-13,-13,-13,-13,-13,-13,-13,-13,-13,-13,-13,Chip-0[ 16 ]
Rx[ 11 ],0,-16,-16,-16,-15,-15,-16,-17,-16,-16,-15,-16,-15,-16,-15,-16,-15,-17,-16,-15,-16,-15,-16,-15,-15,-15,-16,-17,-15,-15,-15,-15,-15,-15,-15,-16,-16,-16,Chip-0[ 17 ]
Rx[ 12 ],0,-14,-14,-14,-14,-14,-13,-13,-13,-13,-13,-13,-14,-13,-13,-13,-13,-13,-14,-13,-13,-13,-13,-13,-13,-13,-13,-13,-13,-13,-13,-13,-13,-13,-13,-14,-13,-13,Chip-0[ 18 ]
Rx[ 13 ],0,-15,-14,-14,-14,-14,-14,-14,-14,-14,-14,-14,-15,-14,-14,-14,-15,-14,-15,-14,-13,-14,-15,-15,-14,-15,-14,-14,-14,-14,-14,-14,-14,-14,-15,-14,-14,-14,Chip-0[ 19 ]
Rx[ 14 ],0,-14,-13,-13,-13,-13,-13,-13,-13,-13,-13,-13,-13,-13,-13,-13,-13,-13,-13,-13,-13,-13,-13,-13,-13,-12,-13,-13,-13,-13,-13,-13,-13,-13,-13,-13,-13,-13,Chip-0[ 20 ]
Rx[ 15 ],0,-16,-16,-16,-16,-16,-16,-16,-15,-15,-16,-16,-16,-16,-16,-16,-16,-16,-15,-16,-16,-16,-16,-15,-16,-16,-15,-16,-15,-15,-15,-15,-15,-15,-15,-15,-15,-15,Chip-0[ 21 ]
Rx[ 16 ],0,-14,-14,-14,-14,-14,-14,-14,-14,-14,-14,-14,-13,-14,-14,-14,-14,-14,-14,-14,-14,-14,-14,-14,-14,-14,-14,-14,-14,-14,-14,-13,-14,-14,-14,-14,-14,-14,Chip-0[ 22 ]
Rx[ 17 ],0,-15,-15,-15,-14,-14,-14,-14,-14,-15,-15,-15,-16,-15,-15,-15,-15,-14,-15,-15,-15,-15,-15,-15,-15,-15,-14,-14,-15,-16,-15,-15,-15,-15,-16,-16,-16,-15,Chip-0[ 23 ]
Rx[ 18 ],0,-12,-12,-12,-12,-12,-12,-12,-12,-12,-12,-12,-12,-12,-12,-12,-12,-12,-12,-12,-12,-12,-12,-12,-12,-12,-12,-12,-12,-12,-12,-12,-12,-12,-12,-12,-12,-12,Chip-0[ 24 ]
Rx[ 19 ],0,-15,-15,-15,-15,-14,-14,-14,-14,-14,-14,-15,-14,-14,-15,-14,-15,-15,-14,-15,-14,-14,-14,-14,-14,-15,-15,-14,-15,-14,-15,-15,-14,-15,-14,-15,-14,-14,Chip-0[ 25 ]
Rx[ 20 ],0,-13,-14,-13,-13,-14,-13,-13,-13,-13,-13,-13,-13,-13,-13,-13,-13,-13,-13,-13,-13,-13,-13,-13,-13,-13,-13,-13,-13,-13,-13,-13,-13,-13,-13,-13,-13,-13,Chip-0[ 26 ]
Rx[ 21 ],0,-15,-15,-14,-14,-15,-14,-14,-15,-15,-15,-15,-15,-14,-15,-14,-14,-14,-14,-14,-13,-14,-15,-15,-15,-14,-14,-14,-14,-15,-14,-14,-14,-14,-14,-14,-14,-14,Chip-0[ 27 ]
Rx[ 22 ],0,-12,-13,-13,-12,-12,-12,-12,-13,-13,-13,-13,-12,-12,-12,-12,-12,-12,-12,-12,-12,-12,-12,-12,-12,-12,-12,-12,-12,-12,-12,-12,-12,-12,-12,-12,-12,-12,Chip-0[ 28 ]
Rx[ 23 ],0,-14,-14,-14,-14,-14,-14,-14,-14,-14,-14,-14,-14,-14,-14,-14,-14,-14,-14,-14,-14,-14,-14,-14,-13,-14,-14,-14,-14,-14,-14,-14,-14,-14,-14,-14,-14,-14,Chip-0[ 29 ]
Rx[ 24 ],0,-12,-12,-12,-12,-12,-12,-12,-12,-12,-12,-12,-12,-12,-12,-12,-12,-12,-11,-12,-12,-12,-12,-12,-12,-12,-12,-12,-12,-12,-12,-12,-12,-12,-12,-12,-12,-12,Chip-0[ 30 ]
Rx[ 25 ],0,-16,-15,-16,-15,-15,-15,-15,-16,-16,-16,-15,-16,-15,-16,-15,-15,-15,-16,-15,-15,-15,-15,-15,-15,-15,-15,-15,-15,-16,-15,-15,-15,-15,-15,-16,-15,-15,Chip-0[ 31 ]
Rx[ 26 ],0,-13,-13,-13,-13,-12,-12,-13,-13,-13,-13,-13,-13,-13,-13,-12,-13,-13,-12,-13,-13,-13,-13,-13,-13,-13,-13,-13,-13,-13,-13,-13,-13,-13,-13,-13,-13,-13,Chip-0[ 32 ]
Rx[ 27 ],0,-13,-13,-13,-13,-13,-13,-13,-13,-13,-13,-13,-13,-13,-13,-13,-13,-13,-14,-13,-13,-13,-13,-13,-13,-13,-13,-13,-13,-13,-13,-13,-13,-13,-13,-13,-13,-13,Chip-0[ 33 ]
Rx[ 28 ],0,-13,-13,-13,-13,-12,-12,-13,-12,-12,-13,-13,-12,-12,-13,-13,-12,-13,-13,-12,-12,-13,-13,-13,-12,-13,-12,-13,-13,-12,-13,-13,-12,-12,-12,-13,-13,-13,Chip-0[ 34 ]
Rx[ 29 ],0,-15,-16,-15,-16,-16,-15,-15,-15,-15,-16,-16,-16,-15,-16,-16,-16,-16,-16,-16,-16,-16,-16,-16,-16,-15,-16,-15,-15,-15,-16,-16,-15,-15,-15,-15,-15,-15,Chip-0[ 35 ]
Rx[ 30 ],0,-13,-13,-12,-12,-12,-12,-12,-13,-13,-13,-13,-12,-13,-12,-12,-13,-12,-12,-12,-12,-13,-12,-13,-12,-13,-12,-13,-12,-13,-12,-12,-13,-13,-13,-12,-13,-12,Chip-0[ 36 ]
Rx[ 31 ],0,-14,-14,-14,-14,-14,-14,-14,-14,-14,-14,-14,-14,-14,-14,-15,-15,-14,-14,-14,-14,-14,-15,-13,-13,-14,-14,-14,-14,-14,-14,-14,-14,-13,-14,-14,-14,-14,Chip-0[ 37 ]
Rx[ 32 ],0,-12,-12,-12,-12,-12,-12,-12,-12,-12,-12,-12,-12,-12,-12,-12,-12,-12,-12,-12,-12,-12,-12,-12,-12,-12,-12,-12,-12,-12,-12,-12,-12,-12,-12,-12,-12,-12,Chip-0[ 38 ]
Rx[ 33 ],0,-13,-12,-12,-12,-12,-12,-12,-13,-12,-12,-12,-12,-12,-12,-12,-12,-12,-12,-12,-12,-12,-12,-12,-12,-12,-12,-13,-12,-13,-12,-12,-12,-12,-12,-12,-12,-12,Chip-0[ 39 ]
Rx[ 34 ],0,-12,-12,-12,-12,-12,-13,-13,-12,-12,-12,-12,-12,-12,-13,-13,-13,-13,-13,-13,-12,-12,-12,-12,-13,-12,-12,-12,-12,-12,-12,-12,-12,-12,-12,-13,-12,-12,Chip-0[ 40 ]
Rx[ 35 ],0,-13,-12,-12,-12,-13,-13,-12,-12,-12,-13,-12,-12,-13,-12,-13,-12,-12,-12,-12,-12,-12,-12,-12,-12,-13,-12,-12,-12,-12,-12,-12,-13,-12,-12,-12,-13,-12,Chip-0[ 41 ]
Rx[ 36 ],0,-11,-12,-11,-11,-11,-12,-11,-11,-12,-12,-12,-12,-12,-12,-12,-12,-12,-12,-12,-12,-12,-12,-11,-12,-12,-12,-12,-12,-12,-12,-12,-12,-12,-12,-12,-12,-12,Chip-0[ 42 ]
Rx[ 37 ],0,-13,-14,-14,-14,-14,-14,-14,-14,-14,-14,-14,-14,-14,-14,-14,-14,-14,-14,-14,-14,-14,-14,-14,-14,-14,-14,-14,-14,-13,-14,-14,-14,-14,-13,-14,-14,-14,Chip-0[ 43 ]
Rx[ 38 ],0,-12,-12,-12,-12,-12,-12,-12,-12,-12,-12,-12,-12,-12,-12,-12,-12,-12,-12,-12,-12,-12,-12,-12,-12,-12,-12,-12,-12,-12,-12,-12,-12,-12,-12,-12,-12,-12,Chip-0[ 44 ]
Rx[ 39 ],0,-13,-13,-13,-13,-13,-13,-13,-13,-13,-13,-13,-13,-13,-13,-13,-13,-13,-13,-13,-13,-13,-13,-13,-13,-13,-13,-13,-13,-13,-13,-13,-13,-13,-13,-13,-13,-13,Chip-0[ 45 ]
Rx[ 40 ],0,-12,-13,-12,-12,-12,-13,-12,-12,-12,-12,-12,-12,-12,-12,-12,-12,-12,-13,-12,-13,-12,-12,-12,-12,-12,-12,-12,-13,-12,-12,-12,-12,-12,-12,-12,-12,-12,Chip-0[ 46 ]
Rx[ 41 ],0,-14,-13,-13,-14,-13,-13,-13,-14,-14,-13,-14,-14,-14,-14,-14,-14,-13,-14,-13,-13,-13,-13,-14,-14,-13,-14,-14,-14,-14,-13,-14,-14,-14,-14,-14,-14,-14,Chip-0[ 47 ]
Rx[ 42 ],0,-12,-12,-12,-12,-12,-12,-12,-12,-12,-12,-12,-12,-12,-12,-12,-12,-12,-11,-12,-12,-12,-11,-12,-12,-11,-12,-12,-12,-12,-12,-12,-11,-12,-12,-12,-12,-12,Chip-0[ 48 ]
Rx[ 43 ],0,-13,-13,-13,-13,-13,-13,-13,-13,-13,-13,-13,-13,-13,-13,-13,-13,-13,-13,-13,-13,-13,-13,-13,-13,-13,-13,-13,-13,-13,-13,-13,-13,-13,-13,-13,-13,-13,Chip-0[ 49 ]
Rx[ 44 ],0,-13,-13,-13,-13,-13,-13,-13,-13,-13,-13,-13,-13,-13,-13,-13,-13,-13,-13,-13,-13,-13,-13,-13,-13,-13,-13,-13,-13,-13,-13,-13,-13,-13,-13,-13,-13,-13,Chip-0[ 50 ]
Rx[ 45 ],0,-13,-13,-13,-14,-14,-13,-13,-13,-13,-13,-13,-13,-14,-13,-14,-13,-13,-13,-13,-13,-13,-13,-14,-13,-14,-14,-14,-13,-13,-13,-14,-13,-14,-13,-13,-13,-13,Chip-0[ 51 ]
Rx[ 46 ],0,-12,-12,-12,-13,-12,-12,-13,-13,-13,-12,-13,-13,-13,-13,-13,-13,-12,-12,-12,-12,-13,-13,-13,-13,-13,-13,-13,-13,-12,-13,-13,-12,-13,-12,-13,-13,-13,Chip-0[ 52 ]
Rx[ 47 ],0,-13,-13,-13,-13,-13,-13,-13,-13,-13,-13,-13,-13,-13,-13,-13,-13,-13,-13,-13,-13,-13,-13,-13,-13,-13,-13,-13,-13,-13,-13,-13,-13,-13,-13,-13,-13,-13,Chip-0[ 53 ]
Rx[ 48 ],0,-13,-13,-13,-13,-13,-13,-13,-13,-13,-13,-13,-13,-13,-13,-13,-13,-13,-13,-13,-13,-13,-13,-13,-14,-13,-13,-13,-14,-13,-13,-14,-13,-13,-13,-13,-13,-13,Chip-0[ 54 ]
Rx[ 49 ],0,-13,-13,-13,-13,-13,-13,-13,-13,-13,-13,-13,-13,-13,-13,-13,-13,-13,-13,-13,-13,-13,-13,-13,-13,-13,-14,-13,-13,-13,-13,-13,-13,-13,-13,-13,-13,-13,Chip-0[ 55 ]
Rx[ 50 ],0,-13,-13,-13,-13,-13,-13,-13,-13,-13,-13,-13,-13,-13,-13,-13,-13,-13,-13,-13,-13,-13,-13,-13,-13,-13,-13,-13,-13,-13,-13,-13,-13,-13,-13,-13,-13,-13,Chip-0[ 56 ]
Rx[ 51 ],0,-13,-13,-13,-13,-13,-13,-13,-13,-13,-13,-13,-13,-13,-14,-13,-13,-13,-13,-13,-13,-13,-13,-13,-13,-13,-13,-13,-13,-13,-13,-13,-13,-13,-13,-13,-13,-13,Chip-0[ 57 ]
Rx[ 52 ],0,-15,-16,-15,-16,-16,-15,-15,-15,-15,-16,-16,-15,-16,-15,-16,-15,-16,-16,-16,-16,-15,-15,-15,-16,-16,-16,-16,-16,-16,-15,-16,-16,-16,-15,-15,-16,-15,Chip-0[ 58 ]
Rx[ 53 ],0,-13,-13,-13,-13,-13,-13,-13,-13,-13,-13,-13,-13,-13,-13,-13,-13,-13,-13,-13,-13,-13,-14,-13,-13,-13,-13,-13,-13,-13,-13,-13,-13,-13,-13,-13,-13,-13,Chip-0[ 59 ]
Rx[ 54 ],0,-16,-16,-16,-16,-16,-16,-16,-16,-16,-16,-16,-15,-16,-15,-16,-15,-16,-16,-16,-16,-16,-15,-16,-16,-16,-16,-16,-16,-16,-16,-16,-16,-16,-16,-16,-16,-16,Chip-0[ 60 ]
Rx[ 55 ],0,-13,-13,-12,-13,-13,-12,-13,-13,-13,-13,-13,-12,-12,-13,-13,-13,-12,-13,-13,-13,-13,-13,-13,-13,-13,-13,-13,-13,-13,-13,-13,-13,-13,-13,-13,-13,-13,Chip-0[ 61 ]
Rx[ 56 ],0,-14,-14,-14,-14,-14,-14,-14,-14,-14,-14,-14,-14,-14,-14,-14,-14,-14,-14,-14,-14,-14,-14,-14,-14,-14,-14,-14,-14,-14,-14,-14,-14,-14,-14,-14,-14,-14,Chip-0[ 62 ]
Rx[ 57 ],0,-14,-14,-14,-14,-14,-14,-14,-14,-14,-14,-14,-14,-14,-14,-14,-14,-14,-14,-14,-14,-14,-14,-14,-14,-14,-14,-14,-14,-14,-14,-14,-14,-14,-14,-14,-14,-14,Chip-0[ 63 ]
Rx[ 58 ],0,-13,-13,-13,-13,-13,-13,-13,-13,-13,-13,-13,-13,-13,-13,-13,-13,-13,-13,-13,-13,-13,-13,-13,-13,-13,-13,-13,-14,-13,-13,-13,-13,-13,-13,-13,-13,-13,Chip-0[ 64 ]
Rx[ 59 ],0,-14,-14,-14,-14,-14,-14,-14,-14,-14,-14,-14,-14,-14,-14,-14,-14,-14,-14,-14,-14,-14,-14,-14,-14,-14,-14,-14,-14,-14,-14,-14,-14,-14,-14,-14,-14,-14,Chip-0[ 65 ]
Rx[ 60 ],0,-14,-14,-14,-14,-14,-14,-14,-14,-14,-14,-14,-14,-14,-14,-14,-14,-14,-14,-13,-14,-14,-13,-14,-14,-14,-14,-14,-14,-13,-14,-14,-14,-13,-14,-14,-13,-14,Chip-0[ 66 ]
Rx[ 61 ],0,-16,-15,-15,-15,-15,-15,-15,-15,-15,-15,-15,-15,-15,-15,-15,-15,-15,-15,-15,-15,-15,-15,-15,-15,-15,-15,-15,-15,-15,-15,-15,-15,-15,-15,-15,-14,-15,Chip-0[ 67 ]
Rx[ 62 ],0,-14,-14,-14,-13,-14,-14,-14,-13,-13,-14,-13,-13,-13,-13,-13,-13,-13,-13,-13,-13,-13,-13,-13,-13,-13,-13,-13,-13,-13,-13,-13,-13,-13,-13,-13,-13,-13,Chip-0[ 68 ]
Rx[ 63 ],0,-14,-14,-14,-13,-14,-14,-14,-13,-14,-13,-13,-13,-14,-13,-13,-13,-13,-13,-13,-13,-13,-13,-13,-14,-13,-13,-13,-13,-13,-13,-13,-13,-13,-13,-12,-13,-13,Chip-0[ 69 ]
Rx[ 64 ],0,-17,-15,-15,-16,-16,-16,-16,-16,-16,-16,-16,-16,-16,-16,-16,-16,-16,-16,-16,-16,-16,-16,-16,-16,-16,-16,-16,-16,-16,-16,-16,-16,-15,-16,-16,-15,-15,Chip-0[ 70 ]
,PR,Tx[ 00 ],Tx[ 01 ],Tx[ 02 ],Tx[ 03 ],Tx[ 04 ],Tx[ 05 ],Tx[ 06 ],Tx[ 07 ],Tx[ 08 ],Tx[ 09 ],Tx[ 10 ],Tx[ 11 ],Tx[ 12 ],Tx[ 13 ],Tx[ 14 ],Tx[ 15 ],Tx[ 16 ],Tx[ 17 ],Tx[ 18 ],Tx[ 19 ],Tx[ 20 ],Tx[ 21 ],Tx[ 22 ],Tx[ 23 ],Tx[ 24 ],Tx[ 25 ],Tx[ 26 ],Tx[ 27 ],Tx[ 28 ],Tx[ 29 ],Tx[ 30 ],Tx[ 31 ],Tx[ 32 ],Tx[ 33 ],Tx[ 34 ],Tx[ 35 ],Tx[ 36 ],

Mutual Cap Test Pass
////////////////////////,//////////////////////////////////////////////////////////////////////////////////,/////////////////////////////////////////////////////////////////////

Hardware Calibration - Create SystemCalib Table Done.
Table Type,8
Threshold,276
FreqIndex,0,,ValidCount,7
FreqIndex,1,,ValidCount,12
FreqIndex,2,,ValidCount,7
TotalCount,26
////////////////////////,//////////////////////////////////////////////////////////////////////////////////,/////////////////////////////////////////////////////////////////////

RAW16 DATA
,Chip-0[ 00 ],Chip-0[ 01 ],Chip-0[ 02 ],Chip-0[ 03 ],Chip-0[ 04 ],Chip-0[ 05 ],Chip-0[ 06 ],Chip-0[ 07 ],Chip-0[ 08 ],Chip-0[ 09 ],Chip-0[ 10 ],Chip-0[ 11 ],Chip-0[ 12 ],Chip-0[ 13 ],Chip-0[ 14 ],Chip-0[ 15 ],Chip-0[ 16 ],Chip-0[ 17 ],Chip-0[ 18 ],Chip-0[ 19 ],Chip-0[ 20 ],Chip-0[ 21 ],Chip-0[ 22 ],Chip-0[ 23 ],Chip-0[ 24 ],Chip-0[ 25 ],Chip-0[ 26 ],Chip-0[ 27 ],Chip-0[ 28 ],Chip-0[ 29 ],Chip-0[ 30 ],Chip-0[ 31 ],Chip-0[ 32 ],Chip-0[ 33 ],Chip-0[ 34 ],Chip-0[ 35 ],Chip-0[ 36 ],
Rx[ 00 ],1661,1573,1541,1517,1470,1450,1460,1441,1445,1497,1471,1504,1488,1490,1462,1469,1494,1491,1467,1457,1491,1500,1506,1498,1487,1459,1452,1446,1451,1442,1477,1480,1480,1493,1479,1472,1507,Chip-0[ 06 ]
Rx[ 01 ],1639,1616,1594,1575,1532,1510,1523,1501,1511,1572,1541,1580,1566,1569,1547,1545,1572,1562,1543,1533,1569,1578,1585,1573,1561,1544,1527,1523,1530,1515,1555,1553,1550,1564,1556,1543,1565,Chip-0[ 07 ]
Rx[ 02 ],1637,1626,1601,1590,1545,1524,1536,1530,1531,1576,1558,1590,1577,1580,1561,1559,1592,1589,1555,1547,1584,1587,1596,1581,1572,1551,1542,1528,1540,1527,1563,1572,1562,1576,1571,1555,1573,Chip-0[ 08 ]
Rx[ 03 ],1634,1648,1634,1615,1573,1554,1566,1546,1557,1611,1576,1609,1595,1598,1575,1576,1609,1601,1577,1564,1603,1603,1610,1600,1596,1566,1559,1549,1555,1545,1583,1584,1588,1591,1592,1574,1600,Chip-0[ 09 ]
Rx[ 04 ],1630,1645,1638,1618,1581,1560,1573,1552,1559,1613,1579,1615,1595,1595,1568,1571,1605,1595,1573,1561,1604,1599,1610,1599,1587,1564,1552,1545,1555,1543,1588,1578,1578,1581,1580,1565,1591,Chip-0[ 10 ]
Rx[ 05 ],1635,1648,1642,1621,1590,1567,1578,1553,1553,1612,1585,1615,1591,1591,1565,1569,1598,1589,1574,1559,1597,1597,1607,1595,1579,1560,1542,1538,1547,1547,1584,1581,1576,1578,1579,1569,1585,Chip-0[ 11 ]
Rx[ 06 ],1635,1657,1644,1627,1591,1568,1579,1557,1557,1613,1582,1612,1593,1593,1564,1570,1596,1592,1566,1559,1596,1594,1602,1593,1580,1557,1546,1536,1552,1538,1583,1587,1579,1578,1570,1562,1578,Chip-0[ 12 ]
Rx[ 07 ],1638,1652,1639,1630,1594,1568,1577,1549,1560,1621,1588,1625,1607,1595,1569,1568,1611,1590,1577,1561,1601,1597,1602,1587,1575,1565,1548,1543,1559,1546,1591,1589,1580,1585,1576,1569,1581,Chip-0[ 13 ]
Rx[ 08 ],1633,1660,1643,1632,1592,1570,1584,1557,1566,1621,1591,1627,1601,1598,1569,1568,1605,1590,1577,1561,1597,1597,1604,1592,1580,1561,1544,1536,1556,1542,1587,1576,1574,1581,1569,1561,1573,Chip-0[ 14 ]
Rx[ 09 ],1633,1669,1647,1628,1601,1568,1583,1562,1558,1615,1577,1615,1589,1592,1571,1560,1594,1585,1568,1555,1595,1593,1597,1589,1572,1558,1535,1526,1547,1544,1582,1578,1563,1569,1563,1550,1566,Chip-0[ 15 ]
Rx[ 10 ],1637,1666,1658,1636,1600,1567,1586,1561,1562,1618,1583,1617,1595,1588,1567,1564,1594,1586,1562,1552,1597,1593,1596,1584,1572,1559,1534,1532,1552,1535,1586,1579,1570,1571,1563,1552,1567,Chip-0[ 16 ]
Rx[ 11 ],1644,1676,1658,1641,1605,1579,1594,1566,1563,1621,1584,1620,1594,1586,1559,1560,1590,1584,1567,1551,1602,1597,1594,1584,1566,1555,1542,1541,1561,1540,1592,1587,1577,1582,1578,1565,1573,Chip-0[ 17 ]
Rx[ 12 ],1636,1662,1651,1628,1599,1565,1589,1556,1557,1614,1579,1616,1581,1577,1550,1549,1577,1572,1558,1546,1586,1582,1595,1578,1562,1548,1533,1532,1549,1541,1588,1574,1570,1575,1563,1558,1565,Chip-0[ 18 ]
Rx[ 13 ],1637,1670,1648,1631,1598,1563,1578,1552,1554,1608,1571,1603,1582,1575,1547,1541,1573,1559,1543,1541,1585,1583,1585,1576,1556,1544,1536,1521,1547,1522,1587,1574,1571,1576,1556,1548,1560,Chip-0[ 19 ]
Rx[ 14 ],1631,1662,1648,1625,1600,1568,1588,1554,1556,1613,1569,1605,1572,1568,1544,1542,1571,1557,1538,1528,1577,1577,1578,1559,1546,1542,1522,1520,1535,1519,1573,1571,1556,1559,1556,1540,1552,Chip-0[ 20 ]
Rx[ 15 ],1630,1659,1639,1621,1592,1562,1581,1552,1548,1594,1555,1591,1565,1560,1542,1533,1569,1560,1541,1532,1577,1577,1581,1559,1542,1533,1518,1521,1535,1517,1570,1563,1552,1551,1541,1541,1548,Chip-0[ 21 ]
Rx[ 16 ],1628,1657,1647,1630,1597,1571,1590,1556,1549,1599,1556,1595,1571,1567,1550,1541,1575,1570,1547,1537,1585,1585,1580,1563,1550,1539,1526,1513,1533,1523,1572,1568,1555,1555,1541,1540,1549,Chip-0[ 22 ]
Rx[ 17 ],1638,1672,1649,1631,1593,1564,1591,1561,1555,1604,1554,1594,1568,1563,1541,1535,1573,1561,1546,1531,1575,1574,1576,1563,1551,1535,1526,1517,1534,1520,1572,1568,1561,1556,1542,1546,1554,Chip-0[ 23 ]
Rx[ 18 ],1639,1667,1647,1629,1590,1561,1587,1557,1548,1600,1555,1595,1567,1564,1547,1535,1575,1566,1549,1534,1567,1573,1574,1560,1543,1534,1521,1517,1534,1513,1570,1567,1559,1554,1545,1546,1547,Chip-0[ 24 ]
Rx[ 19 ],1630,1659,1643,1615,1590,1560,1576,1550,1548,1595,1559,1598,1571,1569,1559,1545,1581,1573,1556,1535,1572,1575,1568,1558,1543,1536,1518,1514,1532,1511,1565,1564,1551,1547,1548,1543,1538,Chip-0[ 25 ]
Rx[ 20 ],1620,1665,1641,1622,1595,1559,1583,1551,1547,1602,1557,1602,1572,1576,1556,1548,1583,1566,1551,1532,1571,1568,1569,1553,1539,1534,1518,1506,1530,1511,1560,1558,1548,1555,1538,1537,1544,Chip-0[ 26 ]
Rx[ 21 ],1631,1668,1650,1629,1603,1575,1589,1558,1550,1609,1568,1608,1583,1580,1560,1551,1586,1568,1554,1527,1576,1569,1569,1554,1539,1534,1517,1502,1524,1507,1560,1556,1545,1548,1544,1541,1542,Chip-0[ 27 ]
Rx[ 22 ],1624,1677,1653,1633,1602,1574,1594,1563,1557,1608,1578,1608,1582,1574,1557,1550,1580,1560,1544,1518,1562,1561,1569,1552,1535,1531,1517,1502,1523,1505,1556,1551,1541,1540,1539,1533,1534,Chip-0[ 28 ]
Rx[ 23 ],1637,1681,1663,1636,1604,1566,1582,1557,1553,1606,1571,1609,1577,1572,1559,1540,1581,1555,1543,1529,1566,1573,1569,1550,1532,1529,1513,1511,1533,1507,1561,1556,1546,1540,1540,1533,1525,Chip-0[ 29 ]
Rx[ 24 ],1625,1688,1669,1644,1616,1584,1608,1576,1576,1626,1589,1623,1593,1581,1557,1547,1578,1555,1537,1521,1562,1559,1562,1548,1537,1529,1523,1511,1529,1507,1556,1548,1540,1543,1531,1534,1522,Chip-0[ 30 ]
Rx[ 25 ],1638,1693,1672,1653,1616,1590,1613,1583,1581,1632,1592,1628,1592,1583,1552,1544,1571,1549,1533,1515,1563,1559,1566,1552,1534,1536,1522,1511,1528,1513,1566,1560,1552,1544,1534,1536,1530,Chip-0[ 31 ]
Rx[ 26 ],1637,1702,1688,1663,1617,1587,1612,1585,1588,1639,1590,1631,1595,1582,1554,1537,1570,1555,1541,1525,1575,1570,1571,1546,1534,1537,1518,1517,1536,1515,1571,1562,1546,1549,1540,1532,1526,Chip-0[ 32 ]
Rx[ 27 ],1623,1693,1678,1651,1625,1587,1610,1588,1585,1636,1591,1625,1584,1570,1542,1532,1573,1550,1538,1518,1561,1554,1557,1542,1531,1523,1514,1506,1526,1508,1564,1557,1543,1542,1530,1527,1521,Chip-0[ 33 ]
Rx[ 28 ],1626,1697,1677,1653,1625,1588,1616,1584,1585,1630,1594,1632,1585,1573,1547,1540,1580,1560,1540,1519,1565,1562,1562,1549,1531,1523,1516,1504,1518,1504,1560,1554,1542,1551,1537,1530,1522,Chip-0[ 34 ]
Rx[ 29 ],1615,1689,1672,1647,1621,1595,1616,1580,1586,1639,1593,1630,1595,1577,1557,1546,1588,1559,1547,1521,1563,1561,1558,1547,1531,1523,1503,1499,1517,1500,1555,1554,1543,1542,1534,1529,1518,Chip-0[ 35 ]
Rx[ 30 ],1616,1692,1667,1644,1622,1590,1616,1588,1579,1636,1589,1634,1595,1582,1562,1555,1589,1573,1548,1527,1570,1561,1564,1553,1533,1532,1508,1494,1518,1494,1563,1550,1540,1540,1531,1528,1514,Chip-0[ 36 ]
Rx[ 31 ],1627,1703,1677,1653,1625,1591,1617,1584,1583,1630,1586,1621,1588,1569,1552,1544,1570,1556,1534,1513,1552,1556,1553,1545,1528,1512,1499,1491,1501,1488,1546,1544,1536,1533,1523,1519,1529,Chip-0[ 37 ]
Rx[ 32 ],1611,1691,1664,1640,1615,1585,1609,1580,1581,1623,1578,1614,1583,1572,1553,1542,1587,1564,1547,1528,1565,1565,1570,1551,1530,1530,1510,1497,1522,1503,1566,1557,1548,1550,1543,1526,1514,Chip-0[ 38 ]
Rx[ 33 ],1613,1693,1674,1640,1611,1586,1613,1591,1584,1632,1585,1614,1574,1555,1534,1526,1565,1546,1535,1520,1560,1554,1561,1549,1528,1527,1506,1501,1514,1502,1564,1556,1546,1545,1534,1523,1523,Chip-0[ 39 ]
Rx[ 34 ],1617,1698,1669,1636,1612,1587,1619,1602,1588,1639,1594,1621,1581,1563,1542,1536,1570,1549,1539,1521,1562,1562,1567,1555,1533,1537,1515,1507,1530,1512,1567,1563,1552,1551,1534,1529,1511,Chip-0[ 40 ]
Rx[ 35 ],1622,1697,1669,1643,1629,1602,1641,1610,1607,1649,1591,1632,1587,1567,1541,1529,1566,1550,1540,1522,1573,1575,1573,1570,1553,1546,1528,1511,1533,1508,1571,1564,1552,1553,1536,1536,1522,Chip-0[ 41 ]
Rx[ 36 ],1638,1708,1678,1651,1628,1607,1635,1606,1598,1641,1588,1623,1584,1570,1546,1532,1570,1559,1544,1530,1581,1588,1578,1574,1553,1550,1533,1519,1547,1516,1577,1576,1561,1564,1547,1541,1527,Chip-0[ 42 ]
Rx[ 37 ],1621,1697,1673,1650,1626,1610,1638,1607,1595,1630,1580,1621,1575,1560,1536,1527,1568,1547,1539,1528,1573,1572,1578,1561,1542,1543,1526,1519,1541,1515,1568,1565,1554,1554,1542,1542,1529,Chip-0[ 43 ]
Rx[ 38 ],1633,1698,1681,1651,1637,1606,1643,1609,1588,1632,1585,1613,1582,1570,1549,1538,1578,1559,1548,1531,1579,1572,1571,1560,1546,1543,1527,1517,1531,1510,1571,1568,1557,1563,1547,1548,1526,Chip-0[ 44 ]
Rx[ 39 ],1647,1709,1688,1660,1645,1608,1639,1594,1573,1613,1568,1605,1571,1564,1541,1532,1573,1561,1547,1529,1574,1577,1577,1547,1537,1539,1529,1516,1534,1512,1578,1572,1557,1561,1554,1553,1542,Chip-0[ 45 ]
Rx[ 40 ],1637,1695,1681,1654,1637,1603,1632,1596,1578,1618,1573,1602,1576,1560,1537,1526,1567,1558,1543,1527,1575,1566,1565,1556,1538,1536,1520,1510,1525,1506,1566,1560,1544,1550,1546,1545,1529,Chip-0[ 46 ]
Rx[ 41 ],1644,1702,1679,1661,1634,1612,1640,1604,1590,1634,1577,1613,1575,1565,1548,1539,1588,1565,1558,1536,1586,1579,1570,1561,1546,1543,1530,1526,1536,1518,1576,1571,1566,1563,1552,1548,1543,Chip-0[ 47 ]
Rx[ 42 ],1646,1698,1684,1657,1631,1613,1636,1603,1585,1624,1585,1613,1584,1574,1554,1547,1580,1571,1554,1531,1572,1566,1572,1552,1532,1537,1519,1519,1536,1513,1573,1573,1559,1556,1547,1543,1536,Chip-0[ 48 ]
Rx[ 43 ],1648,1694,1679,1657,1632,1616,1642,1603,1592,1631,1587,1618,1586,1580,1560,1547,1584,1574,1555,1536,1582,1575,1565,1556,1539,1539,1532,1521,1538,1523,1574,1576,1565,1563,1552,1550,1551,Chip-0[ 49 ]
Rx[ 44 ],1654,1692,1674,1652,1627,1607,1633,1599,1585,1631,1587,1628,1588,1585,1562,1548,1583,1573,1554,1537,1583,1573,1567,1560,1545,1542,1528,1522,1542,1521,1581,1581,1564,1573,1557,1560,1554,Chip-0[ 50 ]
Rx[ 45 ],1653,1695,1665,1642,1617,1590,1613,1588,1572,1623,1574,1611,1581,1579,1563,1548,1579,1564,1549,1530,1576,1571,1570,1551,1544,1546,1530,1524,1541,1526,1580,1586,1570,1573,1566,1556,1553,Chip-0[ 51 ]
Rx[ 46 ],1647,1693,1670,1640,1613,1596,1622,1589,1583,1632,1587,1626,1591,1592,1563,1547,1586,1559,1548,1528,1574,1574,1570,1553,1552,1548,1534,1524,1538,1520,1580,1583,1570,1572,1565,1559,1552,Chip-0[ 52 ]
Rx[ 47 ],1651,1686,1672,1648,1621,1605,1624,1602,1593,1647,1602,1643,1613,1605,1574,1563,1588,1574,1559,1538,1589,1583,1582,1575,1567,1563,1546,1538,1551,1528,1591,1594,1585,1580,1575,1572,1570,Chip-0[ 53 ]
Rx[ 48 ],1651,1692,1674,1649,1619,1592,1624,1594,1591,1641,1606,1638,1612,1606,1572,1557,1592,1580,1563,1549,1597,1597,1599,1580,1573,1569,1556,1543,1561,1537,1593,1597,1584,1592,1584,1570,1572,Chip-0[ 54 ]
Rx[ 49 ],1654,1690,1668,1645,1622,1589,1621,1597,1591,1639,1608,1644,1613,1603,1583,1567,1602,1589,1574,1561,1611,1610,1610,1599,1589,1573,1562,1562,1563,1543,1599,1593,1585,1587,1586,1572,1578,Chip-0[ 55 ]
Rx[ 50 ],1658,1694,1668,1651,1623,1593,1612,1587,1575,1626,1593,1625,1606,1597,1572,1560,1598,1586,1574,1569,1610,1607,1604,1591,1577,1579,1563,1558,1563,1548,1599,1603,1588,1589,1587,1575,1583,Chip-0[ 56 ]
Rx[ 51 ],1653,1688,1673,1657,1630,1598,1622,1593,1587,1642,1604,1641,1620,1618,1590,1582,1612,1602,1588,1573,1622,1611,1616,1594,1589,1582,1564,1572,1575,1551,1605,1603,1587,1592,1591,1583,1584,Chip-0[ 57 ]
Rx[ 52 ],1647,1684,1671,1654,1624,1592,1619,1591,1585,1633,1604,1642,1616,1620,1593,1579,1609,1604,1587,1568,1614,1610,1595,1593,1582,1576,1574,1560,1568,1549,1602,1602,1585,1591,1593,1575,1594,Chip-0[ 58 ]
Rx[ 53 ],1647,1686,1671,1656,1623,1596,1619,1590,1585,1641,1608,1647,1624,1626,1593,1590,1622,1607,1594,1571,1619,1607,1609,1597,1593,1591,1570,1569,1574,1559,1612,1610,1598,1601,1594,1584,1605,Chip-0[ 59 ]
Rx[ 54 ],1648,1683,1665,1648,1615,1594,1617,1584,1577,1638,1606,1640,1619,1621,1595,1586,1624,1612,1590,1577,1615,1609,1618,1606,1600,1594,1579,1576,1581,1559,1615,1620,1602,1606,1602,1591,1607,Chip-0[ 60 ]
Rx[ 55 ],1659,1692,1674,1648,1622,1594,1620,1586,1577,1633,1599,1637,1612,1618,1584,1586,1614,1609,1591,1578,1624,1614,1623,1615,1608,1600,1584,1584,1590,1576,1627,1626,1609,1613,1614,1602,1622,Chip-0[ 61 ]
Rx[ 56 ],1651,1682,1667,1643,1613,1593,1616,1591,1590,1645,1613,1643,1621,1625,1597,1595,1633,1618,1606,1589,1624,1623,1633,1622,1621,1610,1596,1592,1598,1580,1634,1637,1611,1622,1620,1606,1625,Chip-0[ 62 ]
Rx[ 57 ],1654,1679,1664,1645,1616,1591,1614,1596,1596,1656,1623,1649,1634,1640,1609,1613,1648,1629,1617,1606,1639,1642,1648,1639,1631,1625,1606,1606,1608,1598,1642,1650,1630,1634,1628,1617,1644,Chip-0[ 63 ]
Rx[ 58 ],1655,1669,1648,1635,1608,1589,1614,1594,1594,1660,1625,1654,1635,1648,1617,1618,1660,1642,1625,1610,1650,1650,1652,1651,1641,1629,1609,1610,1616,1603,1645,1652,1640,1643,1633,1623,1656,Chip-0[ 64 ]
Rx[ 59 ],1652,1669,1652,1640,1604,1588,1610,1593,1593,1659,1628,1662,1650,1658,1629,1631,1663,1654,1624,1621,1664,1665,1664,1663,1652,1634,1633,1627,1626,1613,1653,1662,1642,1651,1647,1630,1664,Chip-0[ 65 ]
Rx[ 60 ],1644,1659,1645,1630,1598,1580,1602,1592,1588,1652,1622,1656,1638,1655,1626,1624,1659,1647,1623,1622,1656,1659,1664,1657,1655,1636,1626,1628,1622,1608,1643,1657,1634,1650,1643,1627,1656,Chip-0[ 66 ]
Rx[ 61 ],1644,1658,1648,1632,1600,1583,1606,1584,1582,1647,1618,1652,1635,1645,1619,1618,1654,1636,1617,1610,1652,1650,1665,1663,1655,1638,1628,1623,1616,1601,1643,1652,1640,1644,1644,1620,1662,Chip-0[ 67 ]
Rx[ 62 ],1658,1672,1654,1642,1612,1589,1615,1590,1588,1650,1623,1661,1645,1651,1627,1621,1658,1658,1629,1622,1664,1668,1677,1681,1674,1649,1640,1639,1633,1612,1653,1670,1644,1651,1652,1632,1664,Chip-0[ 68 ]
Rx[ 63 ],1659,1655,1638,1631,1593,1573,1599,1578,1581,1646,1623,1653,1648,1650,1622,1626,1655,1652,1625,1616,1662,1659,1677,1678,1670,1645,1635,1634,1626,1613,1653,1656,1640,1649,1645,1621,1655,Chip-0[ 69 ]
Rx[ 64 ],1654,1635,1620,1608,1572,1553,1578,1561,1556,1626,1597,1637,1629,1631,1601,1599,1638,1632,1608,1595,1634,1644,1649,1650,1644,1629,1618,1616,1605,1588,1630,1644,1621,1626,1629,1595,1637,Chip-0[ 70 ]
Rx[ 65 ],1692,1598,1571,1548,1514,1497,1516,1499,1498,1561,1538,1570,1561,1563,1539,1530,1569,1560,1538,1541,1577,1575,1581,1582,1578,1555,1551,1553,1543,1532,1567,1573,1558,1569,1564,1541,1575,Chip-0[ 71 ]
,Tx[ 00 ],Tx[ 01 ],Tx[ 02 ],Tx[ 03 ],Tx[ 04 ],Tx[ 05 ],Tx[ 06 ],Tx[ 07 ],Tx[ 08 ],Tx[ 09 ],Tx[ 10 ],Tx[ 11 ],Tx[ 12 ],Tx[ 13 ],Tx[ 14 ],Tx[ 15 ],Tx[ 16 ],Tx[ 17 ],Tx[ 18 ],Tx[ 19 ],Tx[ 20 ],Tx[ 21 ],Tx[ 22 ],Tx[ 23 ],Tx[ 24 ],Tx[ 25 ],Tx[ 26 ],Tx[ 27 ],Tx[ 28 ],Tx[ 29 ],Tx[ 30 ],Tx[ 31 ],Tx[ 32 ],Tx[ 33 ],Tx[ 34 ],Tx[ 35 ],Tx[ 36 ],

Raw16 Data Mean : 1583
Raw16 Data Max : 1709
Raw16 Data Min : 1441
////////////////////////,//////////////////////////////////////////////////////////////////////////////////,/////////////////////////////////////////////////////////////////////

Raw L2
,Chip-0[ 00 ],Chip-0[ 01 ],Chip-0[ 02 ],Chip-0[ 03 ],Chip-0[ 04 ],Chip-0[ 05 ],Chip-0[ 06 ],Chip-0[ 07 ],Chip-0[ 08 ],Chip-0[ 09 ],Chip-0[ 10 ],Chip-0[ 11 ],Chip-0[ 12 ],Chip-0[ 13 ],Chip-0[ 14 ],Chip-0[ 15 ],Chip-0[ 16 ],Chip-0[ 17 ],Chip-0[ 18 ],Chip-0[ 19 ],Chip-0[ 20 ],Chip-0[ 21 ],Chip-0[ 22 ],Chip-0[ 23 ],Chip-0[ 24 ],Chip-0[ 25 ],Chip-0[ 26 ],Chip-0[ 27 ],Chip-0[ 28 ],Chip-0[ 29 ],Chip-0[ 30 ],Chip-0[ 31 ],Chip-0[ 32 ],Chip-0[ 33 ],Chip-0[ 34 ],Chip-0[ 35 ],Chip-0[ 36 ],
Rx[ 00 ],-64,-101,-109,-114,-115,-116,-117,-115,-117,-118,-117,-117,-116,-118,-122,-116,-116,-116,-117,-116,-119,-119,-115,-109,-111,-115,-110,-108,-113,-111,-112,-109,-107,-104,-111,-108,-94,Chip-0[ 06 ]
Rx[ 01 ],-13,-22,-18,-20,-22,-23,-21,-25,-28,-24,-23,-20,-21,-25,-24,-29,-32,-26,-22,-22,-16,-18,-20,-24,-20,-20,-21,-19,-21,-20,-21,-20,-21,-21,-18,-17,-12,Chip-0[ 07 ]
Rx[ 02 ],-19,-22,-26,-25,-22,-25,-28,-22,-25,-26,-27,-26,-24,-24,-22,-25,-22,-24,-27,-18,-22,-16,-14,-18,-19,-21,-23,-20,-18,-23,-21,-17,-20,-17,-19,-13,-17,Chip-0[ 08 ]
Rx[ 03 ],-3,-7,-12,-13,-15,-16,-13,-18,-17,-17,-17,-16,-14,-10,-9,0,-6,-6,-6,-7,-9,-7,-10,-6,-6,-3,1,-5,-9,-5,-8,-7,-3,-5,3,-3,-5,Chip-0[ 09 ]
Rx[ 04 ],-9,-7,-9,-13,-15,-16,-10,-8,-7,-10,-14,-8,0,-3,0,-3,-2,-3,-4,-9,-1,-3,-2,-2,-3,-2,0,-1,3,-2,0,-1,-1,-1,-2,-3,0,Chip-0[ 10 ]
Rx[ 05 ],-8,-12,-13,-13,-8,-10,-8,-12,-12,-15,-8,-7,-13,-8,-7,-9,-5,-4,-4,-5,-7,-3,-8,-7,-6,-10,-10,-8,-12,-13,-12,-9,-8,-6,-3,-4,-6,Chip-0[ 11 ]
Rx[ 06 ],-2,-5,-1,-3,-11,-4,-8,1,-1,1,-3,-7,-5,-1,-4,-5,-6,-2,-6,1,-3,-2,2,-3,-5,-2,-6,0,-5,1,-2,-1,1,2,0,0,2,Chip-0[ 12 ]
Rx[ 07 ],-1,-11,-10,-7,-3,-5,-9,-6,-4,-2,-3,1,3,-5,-6,2,3,1,3,-4,1,1,-1,0,3,2,5,5,3,2,7,7,4,3,6,6,6,Chip-0[ 13 ]
Rx[ 08 ],-6,-10,-6,-6,-5,-1,-1,-7,-10,-4,1,-1,-6,-2,1,-2,0,-3,0,-2,-1,-3,-2,1,-2,-2,3,-2,1,2,0,-1,5,5,2,3,4,Chip-0[ 14 ]
Rx[ 09 ],-6,-5,-13,-9,-11,-8,-12,-10,-7,-8,-9,-7,-4,-3,-3,-5,-11,-7,-6,-7,-7,-8,-9,-11,-11,-9,-14,-10,-11,-9,-10,-10,-13,-10,-7,-7,-11,Chip-0[ 15 ]
Rx[ 10 ],-4,-6,1,-3,1,-2,1,0,4,3,1,2,4,8,9,9,11,7,2,6,-1,1,3,6,8,4,0,-4,-2,-3,-7,4,-1,-3,-5,-6,-3,Chip-0[ 16 ]
Rx[ 11 ],2,6,5,6,9,4,3,8,3,0,-2,1,-1,1,0,4,7,5,11,8,9,4,5,1,2,5,3,4,6,3,6,-2,-1,3,4,5,5,Chip-0[ 17 ]
Rx[ 12 ],-2,-5,-2,-2,-8,-1,-2,-1,-4,-3,-5,-6,-5,-8,-4,-1,-3,-1,1,0,0,-2,-4,-3,-2,-3,-3,0,-5,-1,0,-1,-3,-7,3,1,1,Chip-0[ 18 ]
Rx[ 13 ],-3,1,-6,-6,-7,-11,-10,-6,-7,-5,-2,-4,-2,-3,-5,-10,-6,-7,-5,-6,-5,-4,-4,-4,-3,-5,-5,-9,-5,-6,-3,-4,-1,3,-3,1,-3,Chip-0[ 19 ]
Rx[ 14 ],8,3,3,-3,4,-1,2,-8,2,1,1,5,1,3,1,-2,-2,-1,3,0,4,4,1,3,3,3,5,2,7,7,3,8,9,9,10,6,6,Chip-0[ 20 ]
Rx[ 15 ],-3,-3,-7,-11,-12,-13,-13,-8,-9,-8,-5,-7,-9,-13,-12,-15,-14,-11,-18,-9,-15,-12,-6,-11,-12,-11,-8,0,-4,-6,-2,-5,-4,-3,-3,-2,-6,Chip-0[ 21 ]
Rx[ 16 ],-3,-5,2,4,4,5,1,-1,1,-1,-2,-2,0,-4,-4,2,-4,-8,-5,-1,-1,-1,0,0,-3,0,3,-2,-2,0,2,1,-4,0,3,0,2,Chip-0[ 22 ]
Rx[ 17 ],-3,-2,-3,-1,1,2,-1,-3,-6,-1,-3,-7,-8,-6,-8,-6,-4,-5,-7,-7,0,-3,0,-2,-2,-3,-6,-4,-4,-6,-5,-7,-4,-7,-10,-10,-4,Chip-0[ 23 ]
Rx[ 18 ],6,5,7,9,5,9,12,9,6,9,6,8,4,2,1,1,0,1,2,2,5,7,8,10,7,4,2,1,4,7,9,5,3,-1,1,3,1,Chip-0[ 24 ]
Rx[ 19 ],4,1,4,1,4,6,7,10,9,5,4,-2,2,-4,-1,0,0,6,4,3,3,4,4,5,6,6,6,8,7,5,7,8,6,6,6,4,4,Chip-0[ 25 ]
Rx[ 20 ],-4,-10,-9,-4,-7,-8,-2,-3,0,0,-4,1,-4,-1,-2,-2,1,-4,0,6,-1,0,0,0,1,-2,1,2,1,0,3,5,1,3,-2,1,4,Chip-0[ 26 ]
Rx[ 21 ],-6,-10,-13,-15,-15,-14,-11,-13,-16,-18,-18,-15,-10,-7,-7,-6,-6,-1,-1,-6,-1,-12,-12,-11,-8,-8,-15,-12,-13,-8,-12,-6,-4,-5,-6,-3,-6,Chip-0[ 27 ]
Rx[ 22 ],-4,-9,-9,-7,-7,-3,-9,-8,-12,-13,-12,-11,-7,-9,-7,2,5,7,3,-1,-1,0,1,-3,-1,-6,-4,-7,-5,-3,-3,-4,-4,-1,-2,2,5,Chip-0[ 28 ]
Rx[ 23 ],-3,-11,-10,-12,-11,-12,-12,-17,-14,-13,-13,-12,-12,-7,-3,-7,-5,1,1,-4,-5,-1,-3,-5,-8,-3,-7,-8,-5,-6,2,-7,-6,-6,-1,-5,-5,Chip-0[ 29 ]
Rx[ 24 ],-7,-14,-9,-9,-4,-9,-11,-8,-11,-7,-3,-1,-1,0,7,4,5,2,0,1,-5,-3,-3,-2,-1,-3,-2,-6,-4,-8,-13,-8,-6,-10,-4,-3,-2,Chip-0[ 30 ]
Rx[ 25 ],-3,-6,-8,-6,-1,2,-3,-6,-5,-5,2,-3,2,-2,-2,0,1,-5,-6,-2,0,2,-6,-2,-1,0,-6,-1,-4,0,-5,-5,0,1,-3,0,2,Chip-0[ 31 ]
Rx[ 26 ],9,8,7,7,4,6,9,9,8,8,7,9,9,13,9,9,4,4,6,3,9,9,12,11,12,11,13,11,12,8,10,9,11,7,11,7,11,Chip-0[ 32 ]
Rx[ 27 ],7,2,7,6,4,1,-4,3,2,4,-4,-8,-4,-6,-7,-12,-11,-11,-5,-2,-7,-8,-7,-6,-8,2,3,5,6,7,8,2,-3,-3,-3,1,-3,Chip-0[ 33 ]
Rx[ 28 ],9,11,10,8,3,-3,1,0,3,-3,2,0,1,-2,-4,-2,-6,-1,-5,3,8,9,7,8,8,9,13,13,12,9,9,6,5,8,6,6,7,Chip-0[ 34 ]
Rx[ 29 ],5,0,-1,-1,-4,-7,-11,-6,-2,-6,-8,-3,-7,-9,-13,-14,-14,-16,-10,-14,-8,-10,-6,-11,-7,-11,-7,-5,-6,-3,-10,-5,-6,-2,-6,-3,-3,Chip-0[ 35 ]
Rx[ 30 ],7,1,2,0,-1,-2,-3,-7,-12,-9,-5,-4,-4,-1,-4,-6,2,1,-1,0,-4,-4,-8,-5,-7,-5,-6,-6,-4,-2,-3,-7,-4,-7,-3,-5,-2,Chip-0[ 36 ]
Rx[ 31 ],5,1,2,4,0,0,-1,-1,-2,3,9,2,4,2,10,10,1,1,4,2,5,2,-1,-1,1,4,2,6,1,-1,0,-1,-1,0,0,1,3,Chip-0[ 37 ]
Rx[ 32 ],-3,-6,-5,0,6,3,-1,-6,-4,-5,-10,2,7,8,9,9,11,8,3,-1,-3,2,-2,-1,-3,-6,-4,-7,-2,-7,-4,-2,0,-3,1,4,-1,Chip-0[ 38 ]
Rx[ 33 ],-14,-9,-5,-4,-4,-4,-11,-13,-4,-7,-1,-1,-3,4,6,4,5,5,3,4,-1,-2,-3,-6,-5,-11,-12,-11,-10,-10,-6,-4,-8,-4,-8,-3,-3,Chip-0[ 39 ]
Rx[ 34 ],-5,0,3,0,-2,-12,-12,-1,0,0,4,3,5,6,8,14,11,10,9,1,3,-1,-1,-8,-5,-4,-4,0,-4,0,2,3,5,5,7,-6,-4,Chip-0[ 40 ]
Rx[ 35 ],-5,-5,-6,-3,-8,-8,2,-6,0,9,9,5,10,7,5,4,5,0,0,4,-6,-5,1,6,6,2,3,-1,-3,-1,2,-2,1,-1,-5,1,-1,Chip-0[ 41 ]
Rx[ 36 ],4,8,0,-3,-3,-4,-4,4,12,16,10,10,6,5,3,2,2,7,4,3,6,10,2,10,9,2,11,8,11,12,8,9,6,5,3,2,3,Chip-0[ 42 ]
Rx[ 37 ],-8,1,-1,-6,-9,2,-4,5,3,-1,6,3,-1,-5,-4,-6,-5,-9,-6,-8,-3,-1,5,0,-6,-1,-9,-4,0,-2,-1,-4,2,-5,-9,-8,-7,Chip-0[ 43 ]
Rx[ 38 ],0,-1,0,-1,1,-2,6,9,8,10,3,6,4,3,4,2,1,0,1,7,3,4,4,10,8,10,7,7,5,5,-2,3,2,4,3,1,-1,Chip-0[ 44 ]
Rx[ 39 ],-10,-7,-5,-5,1,5,11,5,4,3,5,3,-1,1,3,-1,-6,-4,-4,-5,-5,-1,-1,-2,-1,-1,-3,-1,0,-4,3,2,-2,-1,-4,-2,0,Chip-0[ 45 ]
Rx[ 40 ],-9,0,2,7,8,5,-3,4,2,5,5,1,4,0,-5,-7,-6,-6,-2,-3,-2,1,5,6,5,3,3,-3,-2,0,1,-4,-4,-1,4,2,1,Chip-0[ 46 ]
Rx[ 41 ],-7,-5,-4,-3,-5,-4,-4,-7,-8,-8,-7,-5,-8,-11,-14,-9,-6,-7,-6,-5,3,-1,-3,0,-1,-4,-3,-4,-9,-8,-11,-13,-8,-9,-7,-5,-9,Chip-0[ 47 ]
Rx[ 42 ],-1,7,3,2,2,-2,-2,0,-3,-1,-3,-2,-6,-6,-1,-1,2,3,6,7,5,3,7,3,5,4,7,6,3,2,5,3,1,0,-1,0,1,Chip-0[ 48 ]
Rx[ 43 ],8,8,10,8,6,6,2,4,7,-2,-4,-2,4,3,2,6,6,11,8,8,7,8,9,4,3,7,6,9,9,9,3,5,4,4,6,0,0,Chip-0[ 49 ]
Rx[ 44 ],1,6,8,11,12,16,13,6,3,-1,8,0,3,0,2,0,7,3,5,8,8,2,2,6,4,-1,4,3,3,-2,2,3,-1,-1,2,4,3,Chip-0[ 50 ]
Rx[ 45 ],0,3,-1,-1,4,2,5,5,3,1,-5,-3,-13,-9,-3,4,-3,2,-3,-3,-8,3,-5,-11,-12,-8,-10,-7,-7,-6,-6,-7,-6,-4,-8,-4,-5,Chip-0[ 51 ]
Rx[ 46 ],-5,1,1,2,0,5,7,3,0,2,-3,-4,-2,-3,3,0,2,1,1,-1,-1,-8,-5,-7,-7,-7,-7,-5,-1,4,-2,-1,0,-1,-7,-4,-6,Chip-0[ 52 ]
Rx[ 47 ],2,3,4,1,2,4,2,8,1,3,-1,2,-2,7,4,-1,3,1,-1,-5,-5,-6,-8,-3,-3,-2,0,-1,2,-1,2,4,6,3,6,3,-1,Chip-0[ 53 ]
Rx[ 48 ],-1,-1,2,-2,-5,-2,0,-5,1,-2,0,-1,3,1,-2,0,-2,-3,-6,-6,-7,-4,-4,-4,-2,3,4,-2,1,-3,1,2,3,6,1,2,1,Chip-0[ 54 ]
Rx[ 49 ],-4,-4,-8,-4,-6,-9,-7,-2,-2,-2,-1,-3,-5,-2,-3,-5,-7,-8,-7,-5,-7,-5,-1,2,5,-4,-6,-3,-5,-2,-1,-3,1,-3,-1,-2,-3,Chip-0[ 55 ]
Rx[ 50 ],-1,1,-4,-10,-5,-2,-6,-2,-5,-1,2,-2,-1,-5,-3,-5,-7,-8,-8,-3,-1,-1,4,2,-2,-4,0,-6,-6,-3,-5,-2,-5,-4,-3,-7,-6,Chip-0[ 56 ]
Rx[ 51 ],4,3,1,5,8,5,11,10,7,8,10,7,8,3,1,1,1,5,7,7,8,9,9,8,7,11,6,8,5,3,5,3,3,3,3,5,1,Chip-0[ 57 ]
Rx[ 52 ],-1,-6,-6,-3,-1,1,-1,4,10,3,3,3,0,1,0,-2,-4,-3,-2,0,2,2,-4,-6,-7,-9,-5,-3,-3,-6,-8,-8,-8,-8,-6,-6,-5,Chip-0[ 58 ]
Rx[ 53 ],-1,4,4,5,4,4,3,0,0,0,1,1,0,1,-1,-3,-2,-1,-4,-2,-4,-7,-9,-7,-9,-4,-9,-5,-7,-7,-9,-12,-8,-10,-10,-11,-12,Chip-0[ 59 ]
Rx[ 54 ],-5,0,3,1,1,2,1,0,-2,1,-4,0,2,0,2,0,3,0,-1,-3,-3,-3,-3,-4,-5,-5,-1,-6,-6,-7,-9,-5,-5,-2,-4,-7,-6,Chip-0[ 60 ]
Rx[ 55 ],-4,1,3,4,3,2,-1,-2,-4,-6,0,1,2,2,1,3,-10,-4,-4,-5,0,-2,-5,-12,-6,-11,-9,-5,-7,-8,-8,-9,-8,-9,-8,-5,-7,Chip-0[ 61 ]
Rx[ 56 ],6,5,7,5,2,3,-3,-1,-1,-1,2,4,-1,0,-2,-7,-1,-5,-5,-7,-9,-11,-7,-8,-4,-4,-6,-6,-9,-8,-7,-9,-7,-8,-8,-7,-8,Chip-0[ 62 ]
Rx[ 57 ],3,8,11,7,7,2,5,4,4,3,3,1,3,-3,-3,-5,-10,-6,-2,-3,-5,-5,-7,-9,-8,-4,-2,-5,-5,-7,-3,-2,-7,-8,-5,-4,-8,Chip-0[ 63 ]
Rx[ 58 ],7,13,12,14,15,13,10,7,6,8,4,2,-1,1,-1,-1,1,2,5,2,1,-1,1,4,4,3,0,-3,-1,6,5,2,6,3,3,0,1,Chip-0[ 64 ]
Rx[ 59 ],7,6,1,5,4,6,5,7,6,7,4,5,7,5,3,8,11,4,3,7,6,4,-1,2,1,4,-2,0,5,1,2,2,-1,0,-3,2,1,Chip-0[ 65 ]
Rx[ 60 ],7,11,12,9,7,5,8,9,10,9,10,5,7,7,8,11,9,10,6,9,7,6,0,-6,-5,-5,6,9,6,9,3,4,5,7,8,6,9,Chip-0[ 66 ]
Rx[ 61 ],-5,-6,-1,-1,-1,1,2,-1,-1,-2,-5,-5,-3,0,-3,-6,-4,-5,-3,-8,-10,-9,-11,-12,-16,-9,-11,-14,-6,-9,-9,-7,-6,-6,-7,-5,-8,Chip-0[ 67 ]
Rx[ 62 ],7,16,16,16,20,22,18,17,15,14,15,13,3,10,14,8,11,10,7,10,11,13,13,5,12,9,7,9,12,10,6,7,9,8,10,8,14,Chip-0[ 68 ]
Rx[ 63 ],21,39,43,41,43,44,42,41,43,41,40,38,39,39,38,43,37,35,30,32,34,33,34,47,41,34,36,35,32,29,34,31,33,31,29,36,33,Chip-0[ 69 ]
Rx[ 64 ],68,92,98,102,101,101,104,107,108,106,103,109,108,107,110,109,105,110,114,106,101,107,111,104,106,107,101,98,100,98,97,102,92,95,96,94,85,Chip-0[ 70 ]
,Tx[ 00 ],Tx[ 01 ],Tx[ 02 ],Tx[ 03 ],Tx[ 04 ],Tx[ 05 ],Tx[ 06 ],Tx[ 07 ],Tx[ 08 ],Tx[ 09 ],Tx[ 10 ],Tx[ 11 ],Tx[ 12 ],Tx[ 13 ],Tx[ 14 ],Tx[ 15 ],Tx[ 16 ],Tx[ 17 ],Tx[ 18 ],Tx[ 19 ],Tx[ 20 ],Tx[ 21 ],Tx[ 22 ],Tx[ 23 ],Tx[ 24 ],Tx[ 25 ],Tx[ 26 ],Tx[ 27 ],Tx[ 28 ],Tx[ 29 ],Tx[ 30 ],Tx[ 31 ],Tx[ 32 ],Tx[ 33 ],Tx[ 34 ],Tx[ 35 ],Tx[ 36 ],


////////////////////////,//////////////////////////////////////////////////////////////////////////////////,/////////////////////////////////////////////////////////////////////




////////////////////////,//////////////////////////////////////////////////////////////////////////////////,/////////////////////////////////////////////////////////////////////
Before Test Data
////////////////////////,//////////////////////////////////////////////////////////////////////////////////,/////////////////////////////////////////////////////////////////////

MUTUAL CAP Data
Mutual Cap Test scaling:,20
origin point location :,lower right
,Chip-0[ 00 ],Chip-0[ 01 ],Chip-0[ 02 ],Chip-0[ 03 ],Chip-0[ 04 ],Chip-0[ 05 ],Chip-0[ 06 ],Chip-0[ 07 ],Chip-0[ 08 ],Chip-0[ 09 ],Chip-0[ 10 ],Chip-0[ 11 ],Chip-0[ 12 ],Chip-0[ 13 ],Chip-0[ 14 ],Chip-0[ 15 ],Chip-0[ 16 ],Chip-0[ 17 ],Chip-0[ 18 ],Chip-0[ 19 ],Chip-0[ 20 ],Chip-0[ 21 ],Chip-0[ 22 ],Chip-0[ 23 ],Chip-0[ 24 ],Chip-0[ 25 ],Chip-0[ 26 ],Chip-0[ 27 ],Chip-0[ 28 ],Chip-0[ 29 ],Chip-0[ 30 ],Chip-0[ 31 ],Chip-0[ 32 ],Chip-0[ 33 ],Chip-0[ 34 ],Chip-0[ 35 ],
Rx[ 00 ],-17,-3,-1,-1,-1,-2,4,-3,0,-1,0,-2,0,-2,5,-4,1,1,0,-2,1,0,0,-1,1,0,3,-3,0,1,-1,0,3,-2,0,1,Chip-0[ 06 ]
Rx[ 01 ],-3,-1,-2,1,1,-1,-3,1,0,1,-1,3,-2,0,-2,-1,3,-1,-1,4,-2,0,-2,3,-1,2,-2,0,1,-3,3,-1,-1,1,0,3,Chip-0[ 07 ]
Rx[ 02 ],-6,-2,1,-1,-1,1,1,-1,0,2,-1,-1,2,-1,1,0,-1,0,2,-3,1,2,0,-3,1,-2,3,-1,-2,1,0,-1,1,1,0,-2,Chip-0[ 08 ]
Rx[ 03 ],-1,-1,0,0,-2,0,0,1,0,-1,1,0,1,0,0,1,-1,0,0,-2,2,-1,1,0,2,0,-4,0,2,0,0,0,0,2,-1,0,Chip-0[ 09 ]
Rx[ 04 ],-1,-1,0,-2,1,2,-1,0,0,-2,2,2,-2,1,-1,1,1,-3,0,4,-2,1,-2,1,-2,0,2,2,0,-4,1,2,-1,0,1,0,Chip-0[ 10 ]
Rx[ 05 ],-1,0,0,0,1,0,-1,0,0,2,-1,0,1,-1,1,-1,2,0,-2,-1,2,-3,4,-2,0,1,-2,0,0,2,0,0,0,-1,0,0,Chip-0[ 11 ]
Rx[ 06 ],2,-1,-2,1,2,-3,2,-2,-1,-2,-1,1,0,0,1,0,-1,1,2,-2,2,0,-2,2,-2,-1,3,-2,0,1,-1,0,2,-1,1,3,Chip-0[ 12 ]
Rx[ 07 ],-4,3,0,2,-3,0,1,1,-1,-1,2,-1,0,1,-2,1,0,0,-1,3,-4,3,-2,1,0,1,1,-1,-1,2,0,0,-3,2,0,-1,Chip-0[ 13 ]
Rx[ 08 ],0,1,1,-5,2,2,-1,-2,4,2,-1,-1,-2,0,2,0,-2,1,0,0,0,-1,1,-2,1,2,-2,2,2,-4,0,1,2,-2,0,3,Chip-0[ 14 ]
Rx[ 09 ],-1,-2,1,2,-1,-1,0,1,-1,-2,1,1,3,-1,-1,1,-1,0,1,-3,2,0,0,1,1,-3,0,1,-2,0,2,-3,3,0,2,-4,Chip-0[ 15 ]
Rx[ 10 ],0,0,-1,1,0,2,-1,-1,0,1,0,-1,1,0,0,-1,1,-1,0,-1,1,-1,2,-1,-1,-1,-1,1,1,1,0,1,-3,1,-3,2,Chip-0[ 16 ]
Rx[ 11 ],-1,2,0,0,-2,-1,0,2,0,-2,1,0,-1,2,-1,1,0,2,-2,2,-2,0,-3,2,1,0,1,-3,1,2,-3,0,1,-1,2,1,Chip-0[ 17 ]
Rx[ 12 ],0,-2,1,-2,4,-2,1,0,-1,0,1,0,0,-2,1,0,0,0,0,-2,3,-1,1,-1,-2,2,-1,1,0,0,0,0,-1,3,0,0,Chip-0[ 18 ]
Rx[ 13 ],2,0,-3,4,-3,1,1,-3,2,1,-2,1,0,0,1,-1,1,1,0,0,-3,2,1,0,0,0,-1,1,-2,1,0,1,1,-2,1,-2,Chip-0[ 19 ]
Rx[ 14 ],-1,-1,2,-3,1,0,-1,5,-2,2,1,-3,0,-1,-1,0,-1,0,0,1,1,-1,0,-3,2,0,0,0,3,-4,1,2,-2,2,-2,0,Chip-0[ 20 ]
Rx[ 15 ],-2,0,-1,0,0,0,0,1,-2,0,-1,2,-2,2,0,-3,3,-3,2,2,-2,0,-1,1,0,0,4,-1,-2,2,-1,0,1,-2,1,0,Chip-0[ 21 ]
Rx[ 16 ],2,0,-1,2,1,-2,0,1,-1,1,0,0,1,-2,0,3,-3,3,-2,-1,2,0,0,1,-2,1,-3,1,0,1,1,-2,1,1,-2,0,Chip-0[ 22 ]
Rx[ 17 ],0,2,2,0,-3,2,0,-3,2,-1,-1,-1,2,0,0,0,0,0,0,0,-1,1,0,0,1,-1,1,-2,0,1,-1,0,1,-1,0,1,Chip-0[ 23 ]
Rx[ 18 ],1,-2,0,-1,2,0,-1,-2,1,0,-1,0,-2,-1,0,0,1,-1,3,0,0,0,1,0,-1,0,-1,2,1,0,0,0,-3,1,0,2,Chip-0[ 24 ]
Rx[ 19 ],-3,1,-2,0,0,-1,0,0,1,-1,1,0,-1,2,1,-2,2,0,-1,1,0,1,0,-2,1,1,2,-2,0,-2,1,-2,1,0,2,-1,Chip-0[ 25 ]
Rx[ 20 ],-1,-1,0,0,0,1,0,1,1,-2,0,1,0,0,-1,4,-2,0,0,0,0,0,-1,3,-2,0,-3,3,0,1,0,1,1,-2,-2,0,Chip-0[ 26 ]
Rx[ 21 ],1,1,-1,-1,0,1,-1,-1,-1,1,0,1,3,-2,0,1,-2,2,0,1,-3,0,0,0,2,-1,0,-2,0,1,2,-2,0,1,1,0,Chip-0[ 27 ]
Rx[ 22 ],-3,0,3,3,0,0,2,-2,-1,-1,1,-1,-3,3,3,-4,3,-2,-1,-1,3,-1,-1,-1,0,-1,3,-2,2,0,-2,2,0,1,0,2,Chip-0[ 28 ]
Rx[ 23 ],-1,-1,-3,-1,0,-2,-2,2,1,1,0,1,3,0,-2,4,-1,0,1,-1,0,0,0,0,0,0,-1,2,-2,0,1,-1,1,-1,-1,-2,Chip-0[ 29 ]
Rx[ 24 ],-1,0,2,-1,0,1,0,-2,0,0,1,0,0,3,-1,-2,2,0,-2,0,1,0,0,0,0,-2,-1,3,-1,-1,0,1,-2,1,2,1,Chip-0[ 30 ]
Rx[ 25 ],-1,-1,1,3,0,-3,1,1,-1,1,1,-2,1,-1,0,2,-4,1,2,-1,0,-2,2,0,-2,2,1,-2,1,0,0,-1,2,1,0,0,Chip-0[ 31 ]
Rx[ 26 ],0,0,-1,-5,2,1,0,0,1,-1,1,2,-1,-1,1,-1,1,-1,-2,5,-3,3,-2,-1,2,1,-1,-2,1,0,0,1,-2,0,-1,0,Chip-0[ 32 ]
Rx[ 27 ],-1,0,1,2,-2,1,-1,0,1,1,-4,0,1,-2,2,-2,0,2,0,-3,4,-2,0,2,0,-1,1,2,-1,0,-2,1,-1,0,0,3,Chip-0[ 33 ]
Rx[ 28 ],0,1,0,-2,-1,2,-1,1,-1,-1,0,2,-1,0,-2,0,1,0,3,0,-2,1,0,-1,1,2,-1,-2,0,1,0,-2,1,0,2,-3,Chip-0[ 34 ]
Rx[ 29 ],-1,0,-1,0,0,-2,2,0,-1,1,0,0,1,-1,-2,1,0,-1,0,1,0,1,-1,2,0,-2,0,3,-2,0,0,0,2,-1,-3,3,Chip-0[ 35 ]
Rx[ 30 ],2,1,1,1,-2,-1,4,-2,0,1,1,1,-2,2,-2,3,0,0,-1,1,-1,-2,1,-2,2,2,-1,-2,1,-2,2,0,0,1,1,-7,Chip-0[ 36 ]
Rx[ 31 ],-2,0,-1,0,2,2,-4,-1,2,0,1,-4,-1,1,2,-5,1,0,0,0,0,-1,0,1,-3,1,0,1,2,2,-5,2,-1,0,2,5,Chip-0[ 37 ]
Rx[ 32 ],-1,1,2,0,-2,-1,0,3,-2,-2,2,3,2,-1,0,2,-1,-1,-1,0,-1,1,0,0,0,-1,0,0,-1,-1,2,0,0,0,0,-4,Chip-0[ 38 ]
Rx[ 33 ],0,0,-1,0,2,-2,-1,-1,-1,5,-2,0,1,0,0,0,0,-1,0,0,0,-1,0,0,0,-1,1,0,-1,0,3,-2,0,-1,2,5,Chip-0[ 39 ]
Rx[ 34 ],1,-1,-1,0,-2,-2,2,0,4,-3,1,0,2,0,1,0,-2,1,0,-2,-1,3,-2,-2,3,-1,0,2,-3,2,-1,3,0,-1,-3,0,Chip-0[ 40 ]
Rx[ 35 ],1,1,0,0,0,4,-2,2,1,-2,-1,0,1,-1,-1,-1,1,-1,1,-2,1,0,-1,4,-3,-1,1,-2,3,0,0,-1,-1,1,-1,1,Chip-0[ 41 ]
Rx[ 36 ],0,0,0,-3,0,0,1,1,-2,1,1,0,-4,3,0,2,0,0,-2,1,1,-3,2,0,-2,2,1,-1,0,1,-1,-1,1,-1,1,0,Chip-0[ 42 ]
Rx[ 37 ],-1,-1,1,1,0,-2,3,0,0,3,-2,-1,1,-2,-1,-1,1,0,0,1,0,3,-1,-1,1,-1,0,0,1,-2,0,1,-2,2,-3,3,Chip-0[ 43 ]
Rx[ 38 ],4,-1,0,0,1,4,1,0,0,-2,2,-2,-1,0,2,-2,0,-1,1,-2,0,1,2,-1,0,0,0,0,-1,-2,1,1,0,-1,0,-3,Chip-0[ 44 ]
Rx[ 39 ],-2,0,-1,0,1,-1,-2,-1,1,1,-1,2,-1,1,0,-1,-1,0,2,0,2,-2,0,0,1,0,-1,2,-2,2,0,-1,1,-1,2,-3,Chip-0[ 45 ]
Rx[ 40 ],3,-2,0,2,-2,-1,0,1,1,-1,1,-2,1,-2,-1,3,-2,2,-2,4,-3,2,1,-2,0,-1,-1,0,2,-1,2,-3,2,-1,1,0,Chip-0[ 46 ]
Rx[ 41 ],0,3,-1,-1,1,0,0,0,-2,2,-1,1,-2,0,0,1,0,1,1,0,0,0,-1,3,-2,0,0,-1,1,-1,-3,3,-3,4,0,-1,Chip-0[ 47 ]
Rx[ 42 ],2,-2,1,0,-1,0,-1,0,3,-4,2,-2,1,1,0,0,1,0,1,-2,1,-1,2,-4,2,2,-2,-1,-1,2,1,-1,2,-2,-2,2,Chip-0[ 48 ]
Rx[ 43 ],-1,3,-2,0,2,-1,1,1,-3,-1,-2,3,-1,0,2,-3,4,-2,-2,1,1,1,-2,1,-2,1,1,0,1,-3,1,0,-1,1,0,1,Chip-0[ 49 ]
Rx[ 44 ],2,-1,2,3,0,1,-2,0,-2,4,-3,0,0,-3,2,2,-5,2,1,2,-4,-1,0,2,0,-1,1,0,-1,2,-3,1,0,0,1,-1,Chip-0[ 50 ]
Rx[ 45 ],2,-1,0,-2,-1,-1,1,-1,0,-2,4,-3,1,4,-1,1,1,0,-1,-3,4,-2,1,-3,2,0,1,-1,0,0,2,-3,1,2,-1,-2,Chip-0[ 51 ]
Rx[ 46 ],-1,0,-1,2,-1,1,-1,-3,2,0,-4,4,-1,0,-1,1,1,-2,2,-1,0,0,-2,3,-1,-1,0,1,1,-1,0,3,-2,-3,2,-2,Chip-0[ 52 ]
Rx[ 47 ],0,0,1,-1,0,1,1,0,-3,0,3,-4,2,0,1,-2,1,0,-3,0,0,0,2,-2,1,1,1,1,-1,0,-1,-1,1,1,-1,2,Chip-0[ 53 ]
Rx[ 48 ],2,0,-1,-2,5,-2,-1,2,1,-2,1,-1,0,2,-4,1,-1,-1,1,0,0,-1,1,1,2,-1,-2,0,-1,1,3,-1,0,0,-1,1,Chip-0[ 54 ]
Rx[ 49 ],-1,0,0,2,-2,3,0,1,0,3,-4,1,1,-5,4,-3,-1,2,0,0,-1,1,0,-1,-1,-1,1,-1,3,0,-1,1,1,-2,0,0,Chip-0[ 55 ]
Rx[ 50 ],0,-1,0,-1,1,-3,3,-3,2,-2,-1,4,-3,2,-2,1,1,0,-2,3,0,2,-2,2,-4,2,-1,2,-1,-1,0,0,0,0,1,-3,Chip-0[ 56 ]
Rx[ 51 ],-1,-1,2,-1,0,2,-3,1,0,1,0,-4,1,2,-1,-1,3,-3,4,-4,1,2,1,-3,3,0,-1,-1,0,0,0,1,-2,2,0,-2,Chip-0[ 57 ]
Rx[ 52 ],0,1,-1,2,-1,0,2,-2,-1,0,2,0,-1,-2,1,2,-4,3,0,2,1,-6,0,2,-1,1,2,-3,0,0,1,-3,2,0,-1,2,Chip-0[ 58 ]
Rx[ 53 ],1,0,-1,0,1,-1,0,1,-1,1,-2,0,2,-1,-1,0,0,1,0,0,-3,3,0,-1,1,-2,0,1,0,0,-2,3,-3,2,-1,0,Chip-0[ 59 ]
Rx[ 54 ],2,0,2,-1,0,0,-1,3,1,-1,2,1,-2,1,-1,0,0,-1,-1,-1,1,-1,0,0,-1,1,0,-1,0,-1,1,1,0,0,-2,-3,Chip-0[ 60 ]
Rx[ 55 ],-2,2,-2,1,-2,0,1,-3,-1,0,0,1,0,0,2,-4,2,-2,1,2,0,-2,-1,1,0,1,0,0,0,0,1,-2,0,0,3,2,Chip-0[ 61 ]
Rx[ 56 ],2,-1,-1,1,0,0,-1,-1,-1,2,-1,-2,0,1,-2,2,-2,3,-2,-1,1,0,2,2,-2,0,-3,1,2,-1,0,1,1,-2,1,-3,Chip-0[ 62 ]
Rx[ 57 ],1,1,-1,1,0,0,-1,1,0,-2,0,0,0,-1,0,0,2,-3,2,0,-1,0,-1,0,1,1,1,-1,-2,2,0,-2,2,-1,-1,-1,Chip-0[ 63 ]
Rx[ 58 ],3,-3,4,-4,0,0,1,-2,1,1,-1,-1,-1,0,-1,0,0,3,-3,1,-1,1,2,-2,2,-3,1,1,1,-1,-2,2,-2,3,-1,0,Chip-0[ 64 ]
Rx[ 59 ],-1,1,0,1,-1,0,-2,3,0,-3,4,-1,0,-2,3,0,-2,0,0,0,1,-2,-1,1,0,2,-2,2,-2,1,2,-2,1,-3,2,-2,Chip-0[ 65 ]
Rx[ 60 ],1,-1,-2,1,2,-1,2,1,-1,4,-4,1,1,1,-2,1,2,-2,1,-2,0,0,-1,0,1,0,1,-2,3,-2,-1,1,-2,4,-3,2,Chip-0[ 66 ]
Rx[ 61 ],-1,3,1,-2,-2,2,1,-1,0,-1,0,1,0,-1,1,-1,0,-1,0,-1,-1,4,-3,-1,1,-2,1,3,-3,1,1,-1,2,-4,3,0,Chip-0[ 67 ]
Rx[ 62 ],6,-2,1,2,2,-2,-2,0,1,-1,-1,-2,2,1,-2,3,-4,3,-1,2,-1,-2,0,2,0,2,-1,-1,0,-1,0,2,0,1,-2,1,Chip-0[ 68 ]
Rx[ 63 ],5,2,-1,0,1,1,-3,2,-2,2,-2,2,0,0,2,-2,3,-4,1,-1,1,1,2,-1,-2,-1,1,-1,1,1,-1,0,-2,1,4,-4,Chip-0[ 69 ]
Rx[ 64 ],18,3,2,1,-2,2,3,-2,3,-2,2,0,-2,1,-1,1,-1,1,-2,2,1,-2,2,0,-1,0,-1,1,-1,0,1,-3,4,-1,-3,1,Chip-0[ 70 ]
,Tx[ 00 ],Tx[ 01 ],Tx[ 02 ],Tx[ 03 ],Tx[ 04 ],Tx[ 05 ],Tx[ 06 ],Tx[ 07 ],Tx[ 08 ],Tx[ 09 ],Tx[ 10 ],Tx[ 11 ],Tx[ 12 ],Tx[ 13 ],Tx[ 14 ],Tx[ 15 ],Tx[ 16 ],Tx[ 17 ],Tx[ 18 ],Tx[ 19 ],Tx[ 20 ],Tx[ 21 ],Tx[ 22 ],Tx[ 23 ],Tx[ 24 ],Tx[ 25 ],Tx[ 26 ],Tx[ 27 ],Tx[ 28 ],Tx[ 29 ],Tx[ 30 ],Tx[ 31 ],Tx[ 32 ],Tx[ 33 ],Tx[ 34 ],Tx[ 35 ],

////////////////////////,//////////////////////////////////////////////////////////////////////////////////,/////////////////////////////////////////////////////////////////////
RAW16 DATA
,Chip-0[ 00 ],Chip-0[ 01 ],Chip-0[ 02 ],Chip-0[ 03 ],Chip-0[ 04 ],Chip-0[ 05 ],Chip-0[ 06 ],Chip-0[ 07 ],Chip-0[ 08 ],Chip-0[ 09 ],Chip-0[ 10 ],Chip-0[ 11 ],Chip-0[ 12 ],Chip-0[ 13 ],Chip-0[ 14 ],Chip-0[ 15 ],Chip-0[ 16 ],Chip-0[ 17 ],Chip-0[ 18 ],Chip-0[ 19 ],Chip-0[ 20 ],Chip-0[ 21 ],Chip-0[ 22 ],Chip-0[ 23 ],Chip-0[ 24 ],Chip-0[ 25 ],Chip-0[ 26 ],Chip-0[ 27 ],Chip-0[ 28 ],Chip-0[ 29 ],Chip-0[ 30 ],Chip-0[ 31 ],Chip-0[ 32 ],Chip-0[ 33 ],Chip-0[ 34 ],Chip-0[ 35 ],Chip-0[ 36 ],
Rx[ 00 ],1662,1583,1539,1511,1468,1443,1461,1455,1450,1486,1474,1492,1498,1490,1469,1457,1486,1488,1461,1466,1497,1499,1488,1486,1482,1455,1453,1450,1426,1437,1454,1489,1486,1486,1486,1479,1500,Chip-0[ 06 ]
Rx[ 01 ],1636,1629,1599,1574,1526,1501,1529,1519,1518,1555,1548,1569,1573,1572,1551,1531,1569,1570,1536,1544,1573,1582,1570,1562,1561,1534,1531,1528,1501,1513,1538,1563,1554,1558,1566,1548,1575,Chip-0[ 07 ]
Rx[ 02 ],1632,1632,1606,1583,1544,1512,1539,1533,1536,1571,1560,1578,1588,1582,1564,1554,1582,1586,1543,1548,1576,1585,1575,1575,1571,1545,1542,1534,1512,1527,1549,1578,1568,1567,1569,1561,1575,Chip-0[ 08 ]
Rx[ 03 ],1634,1656,1634,1610,1574,1549,1571,1561,1561,1598,1584,1604,1599,1600,1578,1568,1593,1605,1570,1567,1605,1598,1586,1594,1587,1565,1559,1551,1532,1548,1571,1600,1586,1587,1593,1582,1595,Chip-0[ 09 ]
Rx[ 04 ],1628,1652,1638,1609,1574,1553,1573,1568,1569,1601,1582,1603,1604,1599,1577,1559,1594,1600,1567,1562,1601,1602,1590,1586,1581,1557,1553,1549,1528,1544,1574,1595,1586,1580,1585,1579,1590,Chip-0[ 10 ]
Rx[ 05 ],1636,1657,1643,1620,1589,1560,1581,1569,1565,1595,1589,1597,1593,1585,1572,1553,1592,1591,1564,1568,1597,1597,1584,1583,1575,1557,1540,1547,1523,1544,1571,1593,1580,1581,1579,1577,1585,Chip-0[ 11 ]
Rx[ 06 ],1635,1663,1648,1618,1591,1561,1583,1574,1566,1608,1582,1599,1601,1585,1568,1554,1585,1590,1560,1560,1598,1598,1584,1578,1577,1553,1541,1542,1523,1544,1572,1591,1577,1577,1574,1570,1582,Chip-0[ 12 ]
Rx[ 07 ],1636,1664,1649,1620,1590,1558,1584,1577,1568,1612,1600,1613,1613,1591,1577,1558,1591,1597,1573,1569,1606,1597,1581,1585,1581,1557,1551,1541,1532,1546,1576,1594,1577,1581,1584,1571,1587,Chip-0[ 13 ]
Rx[ 08 ],1634,1671,1647,1623,1591,1560,1590,1573,1570,1609,1596,1614,1605,1593,1582,1562,1591,1591,1571,1569,1608,1597,1581,1582,1574,1554,1543,1542,1528,1542,1571,1590,1570,1574,1574,1568,1578,Chip-0[ 14 ]
Rx[ 09 ],1632,1676,1654,1621,1594,1557,1587,1575,1573,1605,1584,1602,1604,1586,1571,1553,1588,1584,1558,1556,1594,1594,1578,1576,1570,1549,1534,1531,1528,1531,1568,1580,1564,1565,1566,1557,1561,Chip-0[ 15 ]
Rx[ 10 ],1635,1677,1656,1628,1599,1563,1594,1577,1571,1608,1585,1603,1599,1581,1569,1551,1586,1581,1559,1567,1592,1592,1581,1574,1571,1554,1539,1533,1525,1533,1571,1586,1569,1570,1562,1555,1569,Chip-0[ 16 ]
Rx[ 11 ],1642,1682,1658,1624,1600,1564,1599,1583,1575,1612,1590,1606,1601,1581,1567,1545,1586,1577,1559,1559,1597,1599,1582,1575,1569,1553,1547,1543,1531,1542,1575,1591,1574,1579,1570,1568,1572,Chip-0[ 17 ]
Rx[ 12 ],1639,1683,1658,1620,1593,1560,1590,1571,1566,1599,1585,1599,1593,1573,1559,1540,1571,1566,1546,1547,1588,1586,1567,1571,1554,1540,1534,1535,1520,1536,1572,1588,1569,1563,1567,1563,1563,Chip-0[ 18 ]
Rx[ 13 ],1635,1677,1651,1619,1593,1556,1588,1560,1561,1589,1575,1592,1593,1572,1553,1529,1565,1568,1538,1543,1582,1586,1561,1565,1557,1546,1534,1527,1524,1536,1563,1587,1564,1568,1553,1552,1558,Chip-0[ 19 ]
Rx[ 14 ],1631,1675,1648,1619,1592,1564,1590,1567,1564,1596,1580,1595,1585,1571,1552,1531,1564,1564,1533,1534,1574,1576,1562,1553,1540,1533,1522,1521,1512,1524,1561,1577,1562,1557,1545,1545,1559,Chip-0[ 20 ]
Rx[ 15 ],1630,1670,1651,1616,1586,1552,1581,1566,1552,1581,1558,1580,1572,1549,1544,1529,1558,1559,1536,1534,1575,1579,1560,1553,1542,1536,1518,1523,1509,1520,1560,1578,1552,1550,1546,1545,1557,Chip-0[ 21 ]
Rx[ 16 ],1626,1674,1653,1621,1595,1560,1591,1570,1556,1590,1562,1588,1577,1567,1546,1533,1569,1570,1545,1533,1586,1584,1560,1555,1548,1536,1525,1521,1509,1522,1559,1572,1550,1552,1549,1546,1552,Chip-0[ 22 ]
Rx[ 17 ],1636,1684,1654,1626,1591,1557,1597,1572,1558,1591,1568,1585,1577,1560,1552,1528,1566,1567,1539,1536,1575,1574,1553,1551,1542,1538,1522,1519,1505,1519,1558,1571,1551,1547,1540,1545,1553,Chip-0[ 23 ]
Rx[ 18 ],1639,1680,1652,1621,1587,1552,1590,1573,1553,1585,1565,1584,1578,1562,1554,1527,1565,1562,1542,1534,1570,1572,1552,1554,1545,1536,1523,1520,1511,1518,1554,1575,1549,1552,1544,1551,1551,Chip-0[ 24 ]
Rx[ 19 ],1627,1674,1644,1609,1581,1547,1583,1566,1554,1584,1562,1583,1586,1565,1559,1534,1576,1572,1550,1539,1579,1573,1554,1544,1541,1531,1518,1518,1506,1513,1553,1571,1554,1559,1540,1549,1541,Chip-0[ 25 ]
Rx[ 20 ],1630,1675,1648,1616,1588,1551,1582,1572,1558,1585,1569,1592,1586,1575,1559,1532,1576,1567,1543,1536,1570,1565,1547,1539,1537,1528,1511,1510,1503,1506,1548,1559,1546,1542,1536,1543,1545,Chip-0[ 26 ]
Rx[ 21 ],1627,1684,1656,1624,1596,1560,1600,1573,1560,1587,1574,1593,1592,1577,1560,1538,1570,1568,1540,1532,1571,1566,1550,1544,1534,1531,1514,1507,1507,1509,1542,1559,1551,1541,1537,1546,1541,Chip-0[ 27 ]
Rx[ 22 ],1624,1684,1661,1625,1598,1568,1591,1580,1567,1601,1578,1598,1589,1572,1560,1537,1571,1560,1531,1528,1566,1566,1545,1540,1531,1529,1511,1510,1504,1504,1547,1555,1542,1539,1537,1533,1530,Chip-0[ 28 ]
Rx[ 23 ],1633,1687,1669,1626,1600,1559,1592,1571,1560,1594,1579,1599,1592,1572,1562,1530,1569,1551,1531,1522,1566,1570,1543,1545,1530,1527,1519,1509,1504,1505,1544,1561,1545,1538,1535,1543,1526,Chip-0[ 29 ]
Rx[ 24 ],1629,1696,1668,1639,1613,1570,1605,1592,1584,1618,1597,1614,1600,1584,1566,1530,1560,1549,1528,1520,1562,1567,1542,1540,1532,1524,1517,1511,1506,1509,1542,1561,1542,1539,1527,1538,1532,Chip-0[ 30 ]
Rx[ 25 ],1636,1709,1679,1643,1613,1579,1610,1596,1593,1627,1596,1616,1602,1577,1556,1532,1563,1552,1525,1517,1567,1568,1544,1541,1533,1530,1511,1515,1508,1518,1547,1569,1548,1551,1536,1533,1531,Chip-0[ 31 ]
Rx[ 26 ],1632,1716,1691,1649,1620,1578,1620,1602,1598,1625,1598,1618,1603,1578,1563,1532,1563,1558,1537,1529,1581,1571,1546,1542,1528,1533,1520,1524,1514,1517,1558,1567,1549,1546,1532,1541,1527,Chip-0[ 32 ]
Rx[ 27 ],1625,1699,1681,1646,1615,1585,1617,1604,1591,1627,1594,1614,1595,1566,1551,1522,1556,1552,1530,1525,1562,1562,1539,1531,1522,1523,1518,1513,1502,1513,1550,1553,1542,1544,1526,1526,1521,Chip-0[ 33 ]
Rx[ 28 ],1629,1711,1679,1648,1617,1577,1612,1597,1594,1621,1599,1619,1604,1572,1552,1532,1570,1560,1535,1530,1566,1566,1546,1535,1531,1524,1511,1512,1499,1514,1543,1556,1545,1545,1529,1533,1524,Chip-0[ 34 ]
Rx[ 29 ],1619,1699,1672,1640,1615,1582,1617,1603,1595,1628,1596,1612,1602,1574,1565,1535,1571,1557,1540,1524,1565,1558,1540,1538,1524,1520,1506,1501,1494,1499,1537,1559,1541,1540,1529,1534,1516,Chip-0[ 35 ]
Rx[ 30 ],1615,1700,1673,1640,1621,1583,1620,1599,1588,1618,1601,1615,1600,1579,1571,1543,1585,1572,1550,1534,1570,1567,1544,1537,1525,1519,1497,1496,1490,1499,1543,1557,1543,1542,1530,1529,1520,Chip-0[ 36 ]
Rx[ 31 ],1624,1713,1685,1641,1620,1586,1621,1598,1592,1619,1592,1606,1592,1569,1558,1531,1564,1551,1530,1514,1558,1555,1535,1528,1520,1508,1498,1495,1486,1492,1536,1547,1534,1532,1520,1521,1531,Chip-0[ 37 ]
Rx[ 32 ],1609,1699,1668,1630,1607,1571,1615,1595,1585,1615,1582,1605,1594,1566,1554,1536,1570,1565,1541,1527,1568,1570,1547,1544,1529,1524,1509,1502,1498,1500,1549,1568,1554,1547,1532,1534,1518,Chip-0[ 38 ]
Rx[ 33 ],1611,1707,1674,1630,1609,1575,1620,1602,1595,1622,1587,1600,1587,1560,1541,1521,1554,1551,1533,1519,1561,1555,1538,1538,1527,1521,1506,1500,1494,1503,1547,1565,1545,1549,1527,1534,1524,Chip-0[ 39 ]
Rx[ 34 ],1619,1704,1670,1627,1610,1578,1627,1610,1601,1634,1597,1606,1587,1559,1542,1527,1561,1554,1530,1522,1566,1562,1546,1544,1530,1534,1520,1508,1503,1512,1555,1573,1550,1545,1532,1530,1514,Chip-0[ 40 ]
Rx[ 35 ],1619,1712,1672,1639,1627,1597,1647,1621,1614,1633,1606,1616,1595,1563,1549,1519,1555,1551,1535,1528,1572,1576,1562,1556,1545,1541,1522,1516,1513,1519,1562,1571,1557,1552,1536,1539,1527,Chip-0[ 41 ]
Rx[ 36 ],1636,1724,1685,1643,1629,1599,1639,1618,1606,1620,1596,1614,1594,1560,1544,1522,1569,1556,1543,1538,1584,1588,1568,1555,1548,1545,1529,1522,1522,1524,1567,1578,1561,1560,1542,1548,1528,Chip-0[ 42 ]
Rx[ 37 ],1622,1707,1682,1641,1625,1599,1643,1617,1600,1623,1589,1603,1584,1567,1543,1519,1559,1553,1539,1530,1574,1576,1558,1557,1538,1543,1519,1518,1510,1514,1559,1572,1553,1551,1542,1548,1532,Chip-0[ 43 ]
Rx[ 38 ],1626,1709,1685,1645,1635,1604,1647,1618,1596,1619,1590,1608,1593,1563,1550,1528,1566,1556,1544,1542,1584,1578,1557,1552,1540,1537,1522,1518,1513,1518,1564,1577,1553,1559,1546,1548,1529,Chip-0[ 44 ]
Rx[ 39 ],1644,1723,1691,1656,1639,1603,1645,1605,1579,1607,1575,1597,1582,1558,1540,1522,1565,1558,1544,1536,1583,1580,1559,1550,1541,1540,1524,1518,1515,1514,1569,1581,1560,1557,1548,1563,1539,Chip-0[ 45 ]
Rx[ 40 ],1629,1711,1678,1655,1632,1600,1630,1603,1584,1610,1578,1589,1576,1555,1542,1515,1555,1555,1542,1530,1574,1568,1550,1545,1538,1532,1516,1513,1505,1511,1556,1563,1551,1546,1542,1549,1532,Chip-0[ 46 ]
Rx[ 41 ],1645,1711,1685,1655,1635,1611,1642,1617,1599,1616,1580,1601,1588,1570,1550,1535,1575,1571,1546,1538,1586,1581,1558,1547,1541,1533,1525,1525,1516,1523,1564,1573,1558,1562,1551,1553,1546,Chip-0[ 47 ]
Rx[ 42 ],1647,1711,1687,1650,1630,1608,1643,1614,1597,1613,1588,1597,1584,1568,1562,1534,1571,1570,1547,1541,1574,1569,1551,1544,1536,1535,1521,1518,1517,1519,1565,1582,1559,1560,1546,1547,1545,Chip-0[ 48 ]
Rx[ 43 ],1648,1708,1682,1651,1632,1607,1642,1618,1601,1620,1592,1606,1594,1577,1562,1540,1579,1573,1547,1537,1581,1575,1554,1539,1534,1531,1518,1522,1518,1522,1566,1579,1564,1564,1552,1554,1554,Chip-0[ 49 ]
Rx[ 44 ],1655,1706,1675,1646,1628,1594,1639,1610,1590,1620,1598,1614,1603,1586,1568,1541,1580,1580,1547,1536,1582,1574,1555,1548,1542,1539,1524,1523,1523,1526,1573,1587,1567,1569,1553,1564,1554,Chip-0[ 50 ]
Rx[ 45 ],1655,1707,1673,1634,1617,1581,1619,1598,1572,1608,1578,1603,1589,1576,1566,1540,1570,1570,1537,1530,1573,1577,1557,1546,1541,1548,1529,1524,1527,1531,1572,1587,1577,1571,1562,1561,1552,Chip-0[ 51 ]
Rx[ 46 ],1648,1703,1672,1636,1615,1590,1623,1602,1586,1617,1596,1612,1601,1588,1571,1537,1572,1563,1540,1537,1574,1571,1557,1555,1544,1545,1529,1520,1517,1524,1571,1585,1574,1570,1565,1564,1558,Chip-0[ 52 ]
Rx[ 47 ],1651,1701,1677,1639,1619,1595,1628,1609,1603,1636,1612,1627,1616,1605,1580,1551,1581,1576,1555,1553,1589,1593,1566,1569,1565,1555,1545,1541,1533,1536,1582,1600,1580,1582,1572,1573,1572,Chip-0[ 53 ]
Rx[ 48 ],1649,1701,1673,1644,1621,1594,1626,1608,1598,1631,1611,1631,1625,1601,1578,1554,1583,1580,1561,1553,1598,1603,1583,1576,1573,1565,1557,1540,1537,1544,1586,1598,1590,1583,1579,1571,1582,Chip-0[ 54 ]
Rx[ 49 ],1652,1698,1672,1647,1625,1588,1626,1609,1589,1627,1608,1632,1623,1601,1585,1560,1592,1585,1571,1570,1606,1612,1595,1587,1582,1574,1555,1553,1546,1555,1587,1603,1590,1584,1579,1577,1580,Chip-0[ 55 ]
Rx[ 50 ],1657,1701,1676,1643,1623,1590,1619,1593,1579,1614,1595,1620,1612,1594,1579,1555,1596,1594,1571,1569,1607,1612,1599,1583,1577,1571,1560,1563,1545,1550,1590,1602,1582,1589,1586,1572,1581,Chip-0[ 56 ]
Rx[ 51 ],1649,1698,1681,1646,1629,1598,1627,1597,1596,1625,1606,1637,1628,1610,1588,1574,1605,1605,1583,1583,1618,1619,1596,1590,1583,1584,1563,1562,1552,1559,1597,1601,1589,1596,1584,1581,1589,Chip-0[ 57 ]
Rx[ 52 ],1646,1695,1680,1650,1624,1592,1623,1595,1593,1628,1610,1635,1631,1615,1592,1569,1610,1607,1575,1572,1613,1618,1591,1588,1577,1576,1561,1559,1546,1554,1590,1605,1588,1596,1578,1583,1592,Chip-0[ 58 ]
Rx[ 53 ],1649,1697,1677,1649,1622,1596,1624,1598,1592,1634,1612,1634,1628,1618,1599,1578,1615,1609,1580,1582,1611,1609,1598,1594,1592,1584,1568,1571,1554,1566,1602,1611,1600,1601,1592,1587,1606,Chip-0[ 59 ]
Rx[ 54 ],1647,1693,1673,1642,1616,1589,1615,1593,1585,1625,1608,1635,1627,1614,1597,1580,1617,1612,1584,1581,1614,1618,1600,1596,1602,1588,1574,1570,1562,1566,1604,1619,1607,1610,1596,1596,1608,Chip-0[ 60 ]
Rx[ 55 ],1655,1699,1678,1646,1630,1588,1624,1600,1583,1621,1603,1623,1617,1612,1591,1575,1610,1613,1591,1585,1617,1621,1604,1603,1615,1599,1581,1580,1573,1582,1618,1627,1617,1611,1609,1606,1629,Chip-0[ 61 ]
Rx[ 56 ],1650,1688,1667,1642,1620,1590,1618,1600,1596,1634,1614,1632,1632,1623,1601,1587,1633,1623,1603,1594,1618,1625,1613,1622,1619,1609,1592,1587,1578,1588,1626,1638,1620,1620,1615,1608,1634,Chip-0[ 62 ]
Rx[ 57 ],1651,1691,1663,1635,1612,1589,1618,1602,1603,1644,1624,1648,1652,1633,1619,1600,1644,1639,1608,1611,1635,1648,1634,1638,1627,1616,1602,1604,1592,1599,1634,1654,1630,1639,1629,1618,1647,Chip-0[ 63 ]
Rx[ 58 ],1656,1678,1659,1634,1608,1591,1618,1601,1602,1645,1622,1648,1649,1642,1621,1612,1650,1652,1613,1616,1645,1656,1644,1648,1638,1625,1607,1609,1601,1609,1637,1649,1636,1645,1624,1620,1660,Chip-0[ 64 ]
Rx[ 59 ],1650,1676,1655,1630,1604,1584,1614,1602,1605,1654,1633,1653,1664,1648,1634,1625,1662,1662,1622,1630,1654,1667,1651,1657,1649,1633,1621,1619,1609,1616,1648,1658,1652,1652,1637,1633,1665,Chip-0[ 65 ]
Rx[ 60 ],1646,1669,1651,1626,1595,1583,1613,1600,1599,1646,1628,1652,1654,1648,1627,1625,1654,1654,1616,1620,1649,1662,1653,1652,1647,1632,1620,1622,1603,1611,1638,1654,1641,1650,1639,1629,1661,Chip-0[ 66 ]
Rx[ 61 ],1644,1665,1647,1628,1600,1582,1610,1591,1594,1639,1617,1642,1648,1637,1627,1605,1646,1641,1617,1611,1645,1661,1651,1654,1648,1630,1621,1616,1597,1616,1637,1656,1644,1649,1635,1621,1659,Chip-0[ 67 ]
Rx[ 62 ],1653,1679,1656,1635,1610,1590,1615,1599,1603,1646,1634,1653,1646,1644,1628,1616,1651,1657,1630,1630,1660,1674,1669,1675,1673,1646,1640,1629,1612,1621,1651,1658,1651,1657,1639,1637,1672,Chip-0[ 68 ]
Rx[ 63 ],1658,1664,1645,1621,1593,1571,1601,1586,1587,1634,1626,1644,1654,1646,1631,1622,1650,1652,1625,1624,1652,1663,1663,1673,1668,1639,1625,1628,1610,1612,1648,1660,1644,1643,1640,1624,1659,Chip-0[ 69 ]
Rx[ 64 ],1653,1645,1618,1606,1574,1549,1576,1567,1566,1619,1610,1635,1636,1622,1607,1589,1628,1633,1608,1605,1632,1642,1645,1643,1643,1620,1607,1609,1592,1599,1622,1639,1629,1640,1621,1593,1645,Chip-0[ 70 ]
Rx[ 65 ],1688,1605,1570,1542,1519,1492,1518,1509,1504,1557,1540,1559,1567,1558,1541,1529,1559,1567,1535,1547,1569,1578,1570,1581,1576,1554,1548,1543,1527,1537,1558,1572,1565,1565,1554,1541,1573,Chip-0[ 71 ]
,Tx[ 00 ],Tx[ 01 ],Tx[ 02 ],Tx[ 03 ],Tx[ 04 ],Tx[ 05 ],Tx[ 06 ],Tx[ 07 ],Tx[ 08 ],Tx[ 09 ],Tx[ 10 ],Tx[ 11 ],Tx[ 12 ],Tx[ 13 ],Tx[ 14 ],Tx[ 15 ],Tx[ 16 ],Tx[ 17 ],Tx[ 18 ],Tx[ 19 ],Tx[ 20 ],Tx[ 21 ],Tx[ 22 ],Tx[ 23 ],Tx[ 24 ],Tx[ 25 ],Tx[ 26 ],Tx[ 27 ],Tx[ 28 ],Tx[ 29 ],Tx[ 30 ],Tx[ 31 ],Tx[ 32 ],Tx[ 33 ],Tx[ 34 ],Tx[ 35 ],Tx[ 36 ],

Raw16 Data Mean : 1582
Raw16 Data Max : 1724
Raw16 Data Min : 1426
////////////////////////,//////////////////////////////////////////////////////////////////////////////////,/////////////////////////////////////////////////////////////////////
SystemCalib Table
SystemCalib Table is Invalid!!

////////////////////////,//////////////////////////////////////////////////////////////////////////////////,/////////////////////////////////////////////////////////////////////
[ OPEN_TEST_3_LOG ]

OPEN3 RX
,CHANNEL,[DATA-0], value1, value2, value3, value4, [DATA-N], value1, value2, value3, value4
,Rx[ 0 ], , 1714, 745, 1868, 23.49, , 1045, -328, 1095, -17.42
,Rx[ 1 ], , 1689, 702, 1829, 22.56, , 1083, -341, 1135, -17.47
,Rx[ 2 ], , 1681, 679, 1812, 21.99, , 1076, -361, 1134, -18.54
,Rx[ 3 ], , 1685, 633, 1799, 20.58, , 1079, -369, 1140, -18.87
,Rx[ 4 ], , 1682, 598, 1785, 19.57, , 1072, -384, 1138, -19.70
,Rx[ 5 ], , 1684, 565, 1776, 18.54, , 1058, -398, 1130, -20.61
,Rx[ 6 ], , 1687, 533, 1769, 17.53, , 1045, -416, 1124, -21.70
,Rx[ 7 ], , 1681, 511, 1756, 16.90, , 1032, -427, 1116, -22.47
,Rx[ 8 ], , 1690, 484, 1757, 15.98, , 1016, -439, 1106, -23.36
,Rx[ 9 ], , 1680, 456, 1740, 15.18, , 1003, -462, 1104, -24.73
,Rx[ 10 ], , 1689, 436, 1744, 14.47, , 999, -468, 1103, -25.10
,Rx[ 11 ], , 1689, 409, 1737, 13.61, , 996, -489, 1109, -26.14
,Rx[ 12 ], , 1685, 391, 1729, 13.06, , 979, -494, 1096, -26.77
,Rx[ 13 ], , 1684, 374, 1725, 12.52, , 961, -511, 1088, -28.00
,Rx[ 14 ], , 1683, 348, 1718, 11.68, , 959, -514, 1088, -28.19
,Rx[ 15 ], , 1676, 332, 1708, 11.20, , 950, -539, 1092, -29.56
,Rx[ 16 ], , 1676, 313, 1704, 10.57, , 940, -546, 1087, -30.15
,Rx[ 17 ], , 1684, 289, 1708, 9.73, , 937, -553, 1088, -30.54
,Rx[ 18 ], , 1681, 282, 1704, 9.52, , 931, -568, 1090, -31.38
,Rx[ 19 ], , 1674, 268, 1695, 9.09, , 921, -571, 1083, -31.79
,Rx[ 20 ], , 1671, 251, 1689, 8.54, , 919, -573, 1083, -31.94
,Rx[ 21 ], , 1678, 231, 1693, 7.83, , 911, -577, 1078, -32.34
,Rx[ 22 ], , 1675, 225, 1690, 7.65, , 901, -583, 1073, -32.90
,Rx[ 23 ], , 1676, 222, 1690, 7.54, , 895, -592, 1073, -33.48
,Rx[ 24 ], , 1676, 202, 1688, 6.87, , 891, -594, 1070, -33.69
,Rx[ 25 ], , 1683, 197, 1694, 6.67, , 886, -597, 1068, -33.97
,Rx[ 26 ], , 1684, 190, 1694, 6.43, , 882, -603, 1068, -34.35
,Rx[ 27 ], , 1672, 185, 1682, 6.31, , 877, -603, 1064, -34.51
,Rx[ 28 ], , 1672, 175, 1681, 5.97, , 876, -604, 1064, -34.58
,Rx[ 29 ], , 1668, 172, 1676, 5.88, , 876, -610, 1067, -34.85
,Rx[ 30 ], , 1659, 179, 1668, 6.15, , 872, -608, 1063, -34.88
,Rx[ 31 ], , 1680, 179, 1689, 6.08, , 871, -633, 1076, -36.00
,Rx[ 32 ], , 1656, 176, 1665, 6.06, , 867, -609, 1059, -35.08
,Rx[ 33 ], , 1660, 169, 1668, 5.81, , 872, -623, 1071, -35.54
,Rx[ 34 ], , 1658, 166, 1666, 5.71, , 870, -607, 1060, -34.90
,Rx[ 35 ], , 1667, 172, 1675, 5.89, , 875, -610, 1066, -34.88
,Rx[ 36 ], , 1681, 174, 1689, 5.90, , 882, -619, 1077, -35.06
,Rx[ 37 ], , 1667, 173, 1675, 5.92, , 888, -609, 1076, -34.44
,Rx[ 38 ], , 1682, 181, 1691, 6.14, , 887, -596, 1068, -33.89
,Rx[ 39 ], , 1702, 191, 1712, 6.40, , 889, -609, 1077, -34.41
,Rx[ 40 ], , 1683, 191, 1693, 6.47, , 889, -595, 1069, -33.79
,Rx[ 41 ], , 1693, 207, 1705, 6.97, , 897, -595, 1076, -33.55
,Rx[ 42 ], , 1694, 216, 1707, 7.26, , 905, -587, 1078, -32.96
,Rx[ 43 ], , 1696, 224, 1710, 7.52, , 911, -583, 1081, -32.61
,Rx[ 44 ], , 1698, 230, 1713, 7.71, , 920, -581, 1088, -32.27
,Rx[ 45 ], , 1704, 247, 1721, 8.24, , 922, -581, 1089, -32.21
,Rx[ 46 ], , 1698, 260, 1717, 8.70, , 927, -561, 1083, -31.18
,Rx[ 47 ], , 1700, 274, 1721, 9.15, , 949, -556, 1099, -30.36
,Rx[ 48 ], , 1701, 284, 1724, 9.47, , 952, -545, 1096, -29.79
,Rx[ 49 ], , 1702, 300, 1728, 9.99, , 958, -538, 1098, -29.31
,Rx[ 50 ], , 1701, 318, 1730, 10.58, , 973, -538, 1111, -28.93
,Rx[ 51 ], , 1699, 336, 1731, 11.18, , 981, -516, 1108, -27.74
,Rx[ 52 ], , 1702, 348, 1737, 11.55, , 993, -511, 1116, -27.23
,Rx[ 53 ], , 1697, 368, 1736, 12.23, , 1013, -493, 1126, -25.95
,Rx[ 54 ], , 1693, 392, 1737, 13.03, , 1023, -482, 1130, -25.22
,Rx[ 55 ], , 1700, 411, 1748, 13.59, , 1041, -473, 1143, -24.43
,Rx[ 56 ], , 1694, 434, 1748, 14.37, , 1051, -455, 1145, -23.40
,Rx[ 57 ], , 1699, 454, 1758, 14.96, , 1072, -438, 1158, -22.22
,Rx[ 58 ], , 1698, 481, 1764, 15.81, , 1086, -434, 1169, -21.78
,Rx[ 59 ], , 1701, 508, 1775, 16.62, , 1105, -417, 1181, -20.67
,Rx[ 60 ], , 1692, 549, 1778, 17.97, , 1124, -405, 1194, -19.81
,Rx[ 61 ], , 1692, 565, 1783, 18.46, , 1123, -378, 1184, -18.60
,Rx[ 62 ], , 1707, 603, 1810, 19.45, , 1144, -355, 1197, -17.23
,Rx[ 63 ], , 1702, 649, 1821, 20.87, , 1142, -344, 1192, -16.76
,Rx[ 64 ], , 1707, 674, 1835, 21.54, , 1150, -307, 1190, -14.94
,Rx[ 65 ], , 1751, 728, 1896, 22.57, , 1113, -295, 1151, -14.84

OPEN3 TX
,CHANNEL,[DATA-0], value1, value2, value3, value4, [DATA-N], value1, value2, value3, value4
,Tx[ 0 ], , 27625, 6677, 28420, 13.58, , 28144, 6237, 28826, 12.49
,Tx[ 1 ], , 28254, 7582, 29253, 15.02, , 28805, 7157, 29680, 13.95
,Tx[ 2 ], , 28298, 6989, 29148, 13.87, , 28769, 6606, 29517, 12.93
,Tx[ 3 ], , 28077, 6250, 28764, 12.54, , 28473, 5854, 29068, 11.61
,Tx[ 4 ], , 27820, 5546, 28367, 11.27, , 28274, 5134, 28736, 10.29
,Tx[ 5 ], , 27462, 4801, 27878, 9.91, , 27912, 4321, 28244, 8.79
,Tx[ 6 ], , 27279, 4063, 27579, 8.47, , 27677, 3592, 27909, 7.39
,Tx[ 7 ], , 26889, 3205, 27079, 6.79, , 27341, 2781, 27482, 5.80
,Tx[ 8 ], , 26636, 2592, 26761, 5.55, , 27155, 2080, 27234, 4.38
,Tx[ 9 ], , 26394, 1898, 26462, 4.11, , 26851, 1404, 26887, 2.99
,Tx[ 10 ], , 26057, 1184, 26083, 2.60, , 26595, 705, 26604, 1.51
,Tx[ 11 ], , 25697, 614, 25704, 1.36, , 26170, 148, 26170, 0.32
,Tx[ 12 ], , 25470, -41, 25470, -0.09, , 26001, -409, 26004, -0.90
,Tx[ 13 ], , 25210, -637, 25218, -1.44, , 25774, -969, 25792, -2.15
,Tx[ 14 ], , 25016, -1089, 25039, -2.49, , 25627, -1709, 25683, -3.81
,Tx[ 15 ], , 24682, -1694, 24740, -3.92, , 25202, -2342, 25310, -5.30
,Tx[ 16 ], , 24449, -2218, 24549, -5.18, , 24872, -2836, 25033, -6.50
,Tx[ 17 ], , 24267, -2635, 24409, -6.19, , 24457, -3069, 24648, -7.15
,Tx[ 18 ], , 23983, -3152, 24189, -7.48, , 24212, -3473, 24459, -8.16
,Tx[ 19 ], , 23748, -3571, 24014, -8.55, , 23952, -3842, 24258, -9.11
,Tx[ 20 ], , 23610, -3949, 23937, -9.49, , 23834, -4245, 24209, -10.09
,Tx[ 21 ], , 23375, -4332, 23773, -10.49, , 23587, -4671, 24045, -11.20
,Tx[ 22 ], , 23263, -4713, 23735, -11.45, , 23523, -5075, 24064, -12.17
,Tx[ 23 ], , 22973, -5073, 23526, -12.45, , 23254, -5443, 23882, -13.17
,Tx[ 24 ], , 22775, -5429, 23413, -13.40, , 23146, -5821, 23866, -14.11
,Tx[ 25 ], , 22618, -5649, 23312, -14.02, , 22938, -6024, 23715, -14.71
,Tx[ 26 ], , 22292, -5947, 23071, -14.93, , 22677, -6370, 23554, -15.69
,Tx[ 27 ], , 22090, -6217, 22948, -15.71, , 22495, -6596, 23442, -16.34
,Tx[ 28 ], , 21955, -6456, 22884, -16.38, , 22245, -6844, 23274, -17.10
,Tx[ 29 ], , 21723, -6584, 22698, -16.86, , 22086, -6972, 23160, -17.51
,Tx[ 30 ], , 21669, -6812, 22714, -17.45, , 22012, -7192, 23157, -18.09
,Tx[ 31 ], , 21483, -7003, 22595, -18.05, , 21846, -7361, 23052, -18.62
,Tx[ 32 ], , 21222, -7227, 22418, -18.80, , 21635, -7578, 22923, -19.30
,Tx[ 33 ], , 20936, -7285, 22167, -19.18, , 21333, -7746, 22695, -19.95
,Tx[ 34 ], , 20596, -7405, 21886, -19.77, , 21045, -7965, 22501, -20.73
,Tx[ 35 ], , 19622, -7578, 21034, -21.11, , 20000, -8076, 21569, -21.98
,Tx[ 36 ], , 17130, -6468, 18310, -20.68, , 17338, -6914, 18665, -21.74

[/OPEN_TEST_3_LOG ]
////////////////////////,//////////////////////////////////////////////////////////////////////////////////,/////////////////////////////////////////////////////////////////////
